-- MariaDB dump 10.19  Distrib 10.7.3-MariaDB, for Linux (x86_64)
--
-- Host: localhost    Database: checkapp
-- ------------------------------------------------------
-- Server version	10.7.3-MariaDB

/*!40101 SET @OLD_CHARACTER_SET_CLIENT=@@CHARACTER_SET_CLIENT */;
/*!40101 SET @OLD_CHARACTER_SET_RESULTS=@@CHARACTER_SET_RESULTS */;
/*!40101 SET @OLD_COLLATION_CONNECTION=@@COLLATION_CONNECTION */;
/*!40101 SET NAMES utf8mb4 */;
/*!40103 SET @OLD_TIME_ZONE=@@TIME_ZONE */;
/*!40103 SET TIME_ZONE='+00:00' */;
/*!40014 SET @OLD_UNIQUE_CHECKS=@@UNIQUE_CHECKS, UNIQUE_CHECKS=0 */;
/*!40014 SET @OLD_FOREIGN_KEY_CHECKS=@@FOREIGN_KEY_CHECKS, FOREIGN_KEY_CHECKS=0 */;
/*!40101 SET @OLD_SQL_MODE=@@SQL_MODE, SQL_MODE='NO_AUTO_VALUE_ON_ZERO' */;
/*!40111 SET @OLD_SQL_NOTES=@@SQL_NOTES, SQL_NOTES=0 */;

--
-- Table structure for table `attendance`
--

DROP TABLE IF EXISTS `attendance`;
/*!40101 SET @saved_cs_client     = @@character_set_client */;
/*!40101 SET character_set_client = utf8 */;
CREATE TABLE `attendance` (
  `id` int(11) NOT NULL AUTO_INCREMENT,
  `user_id` int(11) NOT NULL,
  `event_type` enum('CHECK_IN','CHECK_OUT') COLLATE utf8mb4_unicode_ci NOT NULL,
  `event_time` datetime NOT NULL DEFAULT current_timestamp(),
  `location` varchar(128) COLLATE utf8mb4_unicode_ci NOT NULL,
  `pending` tinyint(1) NOT NULL DEFAULT 1,
  `comments` varchar(256) COLLATE utf8mb4_unicode_ci NOT NULL,
  `expected_time` time NOT NULL,
  PRIMARY KEY (`id`),
  KEY `user_id` (`user_id`),
  CONSTRAINT `attendance_ibfk_1` FOREIGN KEY (`user_id`) REFERENCES `user` (`id`)
) ENGINE=InnoDB AUTO_INCREMENT=233 DEFAULT CHARSET=utf8mb4 COLLATE=utf8mb4_unicode_ci;
/*!40101 SET character_set_client = @saved_cs_client */;

--
-- Dumping data for table `attendance`
--

LOCK TABLES `attendance` WRITE;
/*!40000 ALTER TABLE `attendance` DISABLE KEYS */;
INSERT INTO `attendance` VALUES
(183,6,'CHECK_IN','2022-04-10 06:34:12','-42,70',0,'ON TIME','06:00:00'),
(184,6,'CHECK_OUT','2022-04-10 18:58:39','-42,70',0,'ON TIME','19:00:00'),
(227,15,'CHECK_IN','2022-04-20 09:01:06','-40,70',0,'ON TIME','09:00:00'),
(228,15,'CHECK_OUT','2022-04-20 17:41:06','-40,70',0,'ON TIME','17:30:00'),
(229,14,'CHECK_IN','2022-04-27 09:00:36','44,55',0,'ON TIME','09:00:00'),
(230,14,'CHECK_OUT','2022-04-27 19:00:00','44,55',0,'ON TIME','17:30:00'),
(231,15,'CHECK_IN','2022-03-02 09:01:06','-40,70',0,'ON TIME','09:00:00'),
(232,15,'CHECK_OUT','2022-03-02 17:41:06','-40,70',0,'ON TIME','17:30:00');
/*!40000 ALTER TABLE `attendance` ENABLE KEYS */;
UNLOCK TABLES;

--
-- Table structure for table `company`
--

DROP TABLE IF EXISTS `company`;
/*!40101 SET @saved_cs_client     = @@character_set_client */;
/*!40101 SET character_set_client = utf8 */;
CREATE TABLE `company` (
  `id` int(11) NOT NULL AUTO_INCREMENT,
  `name` varchar(128) COLLATE utf8mb4_unicode_ci NOT NULL,
  `location` varchar(128) COLLATE utf8mb4_unicode_ci NOT NULL,
  PRIMARY KEY (`id`)
) ENGINE=InnoDB AUTO_INCREMENT=3 DEFAULT CHARSET=utf8mb4 COLLATE=utf8mb4_unicode_ci;
/*!40101 SET character_set_client = @saved_cs_client */;

--
-- Dumping data for table `company`
--

LOCK TABLES `company` WRITE;
/*!40000 ALTER TABLE `company` DISABLE KEYS */;
INSERT INTO `company` VALUES
(1,'Asiendo Software','-39.83181839213899, -73.24469505831748'),
(2,'tetasion','-40.064054017974485, -72.86893421240293');
/*!40000 ALTER TABLE `company` ENABLE KEYS */;
UNLOCK TABLES;

--
-- Table structure for table `device`
--

DROP TABLE IF EXISTS `device`;
/*!40101 SET @saved_cs_client     = @@character_set_client */;
/*!40101 SET character_set_client = utf8 */;
CREATE TABLE `device` (
  `id` int(11) NOT NULL AUTO_INCREMENT,
  `model` varchar(128) COLLATE utf8mb4_unicode_ci NOT NULL,
  `platform` varchar(64) COLLATE utf8mb4_unicode_ci NOT NULL,
  `registered_at` datetime NOT NULL,
  `secret_key` varchar(64) COLLATE utf8mb4_unicode_ci NOT NULL,
  PRIMARY KEY (`id`)
) ENGINE=InnoDB AUTO_INCREMENT=5 DEFAULT CHARSET=utf8mb4 COLLATE=utf8mb4_unicode_ci;
/*!40101 SET character_set_client = @saved_cs_client */;

--
-- Dumping data for table `device`
--

LOCK TABLES `device` WRITE;
/*!40000 ALTER TABLE `device` DISABLE KEYS */;
INSERT INTO `device` VALUES
(1,'sansun','android 12','2022-04-15 15:51:21','asdfb'),
(2,'nokia 5100','android','2022-04-30 22:20:38','kok'),
(3,'aifon','ios','2022-05-01 18:12:33','kek'),
(4,'xiaome','android','2022-05-01 18:12:33','afds');
/*!40000 ALTER TABLE `device` ENABLE KEYS */;
UNLOCK TABLES;

--
-- Table structure for table `qr`
--

DROP TABLE IF EXISTS `qr`;
/*!40101 SET @saved_cs_client     = @@character_set_client */;
/*!40101 SET character_set_client = utf8 */;
CREATE TABLE `qr` (
  `id` int(11) NOT NULL AUTO_INCREMENT,
  `company_id` int(11) NOT NULL,
  `content` blob NOT NULL,
  PRIMARY KEY (`id`),
  UNIQUE KEY `company_id` (`company_id`),
  CONSTRAINT `qr_ibfk_1` FOREIGN KEY (`company_id`) REFERENCES `company` (`id`)
) ENGINE=InnoDB AUTO_INCREMENT=7 DEFAULT CHARSET=utf8mb4 COLLATE=utf8mb4_unicode_ci;
/*!40101 SET character_set_client = @saved_cs_client */;

--
-- Dumping data for table `qr`
--

LOCK TABLES `qr` WRITE;
/*!40000 ALTER TABLE `qr` DISABLE KEYS */;
INSERT INTO `qr` VALUES
(1,1,'PNG\r\n\Z\n\0\0\0\rIHDR\0\0\0\0\0\0\0\0\0f:%\0\0\0PLTE\0\0\0U~\0\0NIDATx1,\" >\n{e/Q8!K}ΫvGьR>2I^I2G/*XRw\0~)`c]bLWr<\0v,ћa=@*J.T،?ܛm^?kyngݓ=\\?,ς?tr@*%9#i\0`\08\'lkVdATK]Q+\0B lzE}\Z\0-[vm:N\0eS0Y@}r_\0Tn_t+i!_.1Y\"]\0E%r5}rYaզ\0(&RE_ӖEH:ԭ\ZIb{]\"t}\0t\n\Z\0\ZΤ&}p>y\'\0֑ǵM]\rEaJ+\"䘼:T3kiK\\\Znj*B.b	`lYh^װcWZp2`L\0^S&O\"`uW%gpr}+0eew	Iq<Ɩ_\0\0#Jd?(\0\0\0\0IENDB`'),
(2,2,'PNG\r\n\Z\n\0\0\0\rIHDR\0\0\0\0\0\0\0\0\0f:%\0\0\0PLTE\0\0\0U~\0\0YIDATx옻0DKA!0&Ca4iC55#\rNU>758n5恀`ȭeI\"3=j@,\n21[.TQ{ͻޕ9_.\rtzk`jXZBH}[EOɽ`ax v\0%f$	VL=!PFC\0\0,VC[aFj[{/&G/T\ZV.\"E},?1\\/w\ZDB`PxxA&̣+leV-`۶bCG?hVQY3;\rK 	N=ŕ]fg7\0Xv1\n;kE>IQ\0$$Usrkx7\nΨQ3<\0\0\rsȾ`$\'[xn\rpU6`׺b`7pYFzn5y~e8]V{\\ݔ\nw?IRR*2\0,\nx![<B\r;\0 \0I~bI;;	g\n@جV.kѴ}?\0\0w~L\0\0\0\0IENDB`');
/*!40000 ALTER TABLE `qr` ENABLE KEYS */;
UNLOCK TABLES;

--
-- Table structure for table `shift`
--

DROP TABLE IF EXISTS `shift`;
/*!40101 SET @saved_cs_client     = @@character_set_client */;
/*!40101 SET character_set_client = utf8 */;
CREATE TABLE `shift` (
  `id` int(11) NOT NULL AUTO_INCREMENT,
  `check_in_time` time NOT NULL,
  `check_out_time` time NOT NULL,
  `lunch_break_length` int(11) NOT NULL DEFAULT 0 COMMENT 'length in minutes',
  `workdays` varchar(256) CHARACTER SET utf8mb4 COLLATE utf8mb4_bin NOT NULL COMMENT 'array of day names',
  PRIMARY KEY (`id`)
) ENGINE=InnoDB AUTO_INCREMENT=3 DEFAULT CHARSET=utf8mb4 COLLATE=utf8mb4_unicode_ci;
/*!40101 SET character_set_client = @saved_cs_client */;

--
-- Dumping data for table `shift`
--

LOCK TABLES `shift` WRITE;
/*!40000 ALTER TABLE `shift` DISABLE KEYS */;
INSERT INTO `shift` VALUES
(1,'09:00:00','17:30:00',0,'monday,tuesday,wednesday,thursday,friday'),
(2,'06:00:00','19:00:00',90,'monday,tuesday,wednesday,thursday,friday,saturday,sunday');
/*!40000 ALTER TABLE `shift` ENABLE KEYS */;
UNLOCK TABLES;

--
-- Table structure for table `user`
--

DROP TABLE IF EXISTS `user`;
/*!40101 SET @saved_cs_client     = @@character_set_client */;
/*!40101 SET character_set_client = utf8 */;
CREATE TABLE `user` (
  `id` int(11) NOT NULL AUTO_INCREMENT,
  `company_id` int(11) NOT NULL,
  `name` varchar(128) COLLATE utf8mb4_unicode_ci NOT NULL,
  `rut` varchar(32) COLLATE utf8mb4_unicode_ci NOT NULL,
  `role` varchar(128) COLLATE utf8mb4_unicode_ci NOT NULL,
  `email` varchar(128) COLLATE utf8mb4_unicode_ci NOT NULL,
  `password` varchar(32) COLLATE utf8mb4_unicode_ci NOT NULL,
  `device_id` int(11) DEFAULT NULL,
  `shift_id` int(11) DEFAULT NULL,
  `picture` mediumblob NOT NULL,
  PRIMARY KEY (`id`),
  UNIQUE KEY `email` (`email`),
  UNIQUE KEY `rut` (`rut`),
  UNIQUE KEY `device_id` (`device_id`),
  KEY `company_id` (`company_id`),
  KEY `shift_id` (`shift_id`),
  CONSTRAINT `user_ibfk_1` FOREIGN KEY (`device_id`) REFERENCES `device` (`id`),
  CONSTRAINT `user_ibfk_2` FOREIGN KEY (`company_id`) REFERENCES `company` (`id`),
  CONSTRAINT `user_ibfk_3` FOREIGN KEY (`shift_id`) REFERENCES `shift` (`id`)
) ENGINE=InnoDB AUTO_INCREMENT=16 DEFAULT CHARSET=utf8mb4 COLLATE=utf8mb4_unicode_ci;
/*!40101 SET character_set_client = @saved_cs_client */;

--
-- Dumping data for table `user`
--

LOCK TABLES `user` WRITE;
/*!40000 ALTER TABLE `user` DISABLE KEYS */;
INSERT INTO `user` VALUES
(2,1,'shimeji','','based','smj@sml.com','e27a68f34edc5e93625d1806feb56bdf',1,1,'\0JFIF\0\0\0\0\0\0\0C\0	\Z!\Z\"$\"$\0C\0\"\0\0\0\0\0\0\0\0\0\0\0\0\0\0\0	\0G\0\0\0\0!1AQ\"aq2	#B$R3Cbcr%45FSds\0\0\0\0\0\0\0\0\0\0\0\0\0\0\0\0\0\0\0\0\0\0\0\0\0\0\0\0\0\0\0\0\0\0\0\0\0?\0ܴD@T%TZaON瓌=w%UQG3b=Um6Q|ޟO}upӽ%\0FufZ:\ZO9[l q@֐;\nG9ʺWX.wW8V>&8r\ZpU;i8qO*tox8]SN̑˳QxpGU}<` a`N?5P\\scqQlD|]aqr/d\'qa>9e\0r0\ZzYno6q$n?#Gf੣lVJ[AmsْQ?DpH7/MzU1Q|KZLYL,\r\'$er wۨl߅H]u\rt2՚+7?Gwsl:lzIAht6&-#ͩ[\\;~ۄvzMoKZz{W$cO\\	A.O<EѥT\nf3yŬZޢ8Mwu\"?8-g(/4,=ʱTKM\'\\$>ܦgD̪˧K]Xw]~*0k\0-iB9.T)U\"xDnq`}]4\Z:g@;\"\" \"\"\" \"\"\" \"\"\" \"\"\" *gU~+2Ig5C\0h^X\'GƬ]RSױgި|}\0G1Ǟ̡W*;c]`i%eVik<$\\^\0\09tmyS5^oyq-ei5|Cz<+NG\ZCCb㌕eT0R{,T[b*];rlRǒZmպHuD`r2\0)i;k4s>x\ZoB$#,pKc#ă<L\ZkhcXִ9ǫMhQ-(-֣hs}D|,=>:s\\-Ί:pI;,99>q,쨸jIzH-+1 ֱ5~Y$_}7sݠA\\~e]5$fZ㉀wqbWnT?[4f\\t\\7=YƬ\r\'nZ*`~,-R٬2i-ڒ)]$pWt6Z8\0y]{ZTNpr\"!w<Yk,2\0A#Qkm{!JWt7<n\0*\nPUL<mtQ\0^eQoβK\0ދ}o5R-EU	2D[=ְ<v0IhoQ*m2\'HzX]Ad/MdsK$okA(<Kͦ|~98,)Dc4w \r NPI416Zy㙎cD@DDD@DDD@DDD@DDujII%C\0\'d_)cd:)\Z>b2Mq	ֹMEEqtw瀲j}-:)blM\rvPZim8a\nJ-UipEE,={H 9ACbPpZ3RͿi܋178`)vA#,~wY![%pkOKA .sL\0	GpW۴5waV!EYrN$9.7;[NdZsnHjmP[\0y\\IY`mGY&6(YS~T))X2ˏ\rjS+[hGkupOt~s\0%-|\nvG\0ˉa֋4:F.\rn}Ti%V&S8%}Pl+a55&=ۍ-2VVk}jE5J:3\\@fY^_${.99AZL#̇KY˻6@@~w\0Pjxc\"6(*/Y+.SV\"I9\'$+ \"\"\" *QrUA+D8z|[t5Lb-U#x4󞡏Vwm1|tTzlv+A P{e[/4Q[+a-to+W}:DT1K.q-Ƕϋ;Eʶ8\rI~!m`x^YkFp@DDD@DDD@DDD@DDsD@CAU\ZwzsU0{(kqu,>;\rs3碒*y28`<vCI$p\\eʇS\Zd9,g˅eJ3N#\"<r֜,Һ\reͷK[f]\\{`u:>kv#0*:MҦіo_)p5SIjӲA{N\'*&+%9%S7X2uTXXI\'%pU%Ev6lλ>ͥGZ*\nZ3pHcAm	V|8#[~$t;]/=lPVRlK=-KO9U`\rtY*RY9=c5#cYoH$s	S\'a킷B\nxilH9\n\" \"\"\" \"\"\" \"\"\" !{ 7g;p+*&9\'>\0Dzջ`$В\Z1O9!ʋwi`}DTWtOcPd{,ު\ZƁ#~w5:NÀ~Ywwtu]Wvw4\r88k	UU\0ʖ<;=~Xb@>a\ZSRYm$zu,f*fx\'՟ZV-fr2UK)/w64>^#dD@DDD@DD\\ei;T{=R7?.yAgT[=;\r@|yuhqhqk<>	0∈b*K%D:6J	Ǫ.M8 gASV*)Fc9\n=x۝D29EE [64LcVEU3A?6G97Ošu?_E=C}\nB[=aM&pH8ǺV\ZmW\rMTauDRLH{O\Z#S͙4%mDDD@DDD@DDD@T*ZsY1)鋱ǰRQޢ%da\rn.61Qx=Ǳ zKPeK\0+\r׳k=M##Ou ޹USߞ~]K\\I$∀԰KS; <=J\0Oe\rb}ExV)}3^8\0gzpj;;?yմ9M˘E*nhO!Y0;b1h\0PmzFLNϭ:.Uq=sc+|\'_$D@DDD@DU\'k.q[i[m[˵u60AsrZWZqQP7+Н))ic؃q2h*hMT\rΎ텥^\'vxXkzE<s\0VF3g\Z=Eg!#eihO<- rS}2:<7-v3(*=ޟ2TKpt9i㑒BԐpA^x oU?9A\0ݱ~H`d\n`OCnƒZHp*ӣ408*BASGK-|!(4Jrit3>x{ӂ0W~\ZwJr4TK+ҕ,IM	&FӬ\0$u=/U:\0: -OhovzkvMQiw%s=\ZѢEuvgFE< ;`}a#Sh[E^LUN\0*7\n%7C^&4DypsJvSD5Dךؙ(hcns>X|dk5Vm|ۏ\Z~\\	A_.uwEºS$\'<꧕sӖzefIwH\0TVwVXdI,G#._\r4nY^\Zִr@-\rg\'Am$I<amOOb:9dQsQ߇mZ4to=SmF)&`.\'Aҷ*ըVS0eLҙFeN205hH{ֱ:JrRGU[wTsWVOrJ跿+*jJEҸ=Avht^6k\0}5gr1\0dgp3AO5U,l7	tuUW\ZJƞ8V}CfӹF׏bAn!<T\'geUgP[`|f7B6L~;&HZGL\\oFQjl5;/tyÇ\rU¢ѽi H59tUx!YnDվZ)H0zNz+:^)z>6(O0b9[OuH|qѵ_\rx\\jg#$ Z+	H\\\0.$g V-л){1A>78\"\0ߪɽp r^;ZꭵQgsO /𿸭\ryZ+u<8	qr{(\0r\"ߦ#u\r~>񈩣quF]IL_#<tPAYZ\01ow8YFm|~r|US;lӎY^E1ST\0=8AgWƐG8z~̫lEuCqO6K.L֞8jt[_CH5^W\nH\\)ݎA\ZFWu\r%7I,V;]>%a6Lek*W{Szw?<\rh&a=򶟮 kW~oQU.\Z=:`T_;qb1\rh\08S/0\Z=n<-U0^I=8;uOnDg:~Ġ	TD@DDD@U\n:\Z\\Ol B2VVKc$d;\n;s.6\nsYu\0@S(Ᏸ kMT̍\0c{wZ|Skl\\*Fx=>=	0Z[I\0ϧVOhp{X*i>5\nr\\`\Z#x{q4tj?zCX_)M4L\Zko\ZJHK \nwuVm>Ҳ0b9pնJY@2̈\n*eWZ+UAS$4c3oMG3D*ڟ]z6frUT).ɢ7\Zbu{A<BM4xZ89PyY4,71i0kպ^veR\" \"\"#\n^\'4s\nlyl&Ym:ͧZ*63,2mV6u|=o|HϲQUw?vIO=@>(\Z07m[bq\"y\0f7VVKO-4#vRnu\0_*]Wxq2dJSD&~\'4~h6ֈjWS\"# 2xǬ;UQ]H1w\ZJ荷OSu!,e!B2wVѩZr<EPIuYߌqQ\0\rm?IeXs8hTzJJғCA%cJ^]#ssIy\\mԯiܒK\rz5\rފEL\05Ϸ@-\r#9ck\"c\Z\0\0\nX椱:cqCmL-͸et/MoǢTDN΋fu<5[I%#ZZMgF-I,-`hPT*..Uj\'[*h~<,j&\\)$C8A*힍Y)x@3yQu$zFS4E;Fֲ&05≙uG<sa_E[s8sI4$/ ɬzPZdkn\rBdUDFP$ #⒲ I=]Qnt89,FThA{uj)qޡPk	Hՠ.>GvpQ\" \"\"\" *l\0gֳME]euM pɭr]ɳ^bEP?x+իMduj,6FPwSk6$X>VU!g4(r{t\r|\0A%$%fI:U[sx$a[?V:,錑胡;cp5rG\ZvjMj3<\'\'R=#]<Z(I(ꊭ(6%\Zdl8+y=Lg\nz,	jOPuMiZEi6o-$\0em.ahZb+Bfl#ˁ0@\'\rg$&`L+(\r>LAwH498AEɃ%S\n\\SBΧ:F`ɢ}zb9^mh(Æfw@=дs6- vQ:yj4mXc;~_÷^ij<1>+{]{B7fF\0G`h97+nV|qZL19!hwo՚f:0@A]5,-|o- \nnx$.@09ZMm\r!s\r\\QU%Q}!qd{NNAP|0jQvP:1</.\\F}8A*5Ub{t6[3%6&c8=V{+m7!MS8FBf}Bց&0wq^Zض\ZI,!>果W\Zwvv.Q2ߢT:V\ZEqn+Jm.jP\Z;wAE}жI9\Zp=lׁnL=PҜG\rk4Z>T\r~K\'4}d^mbCsGIY9\\\\`Ϗ\Zvë[0o|}VxjZ\0\r=V	8*	@OI]Q$YlopE?WH\Z5/M:	8A:X㡷C1G@@\0z0O\nSstP,dt<>2ٝ:C*:SK,:lD8Otsp(1$gp={f 5-\'oWI\"uAh\'ad~:ޭ3U&Hq\0{)~K2zNCuCm!!<Զ-w)[ߌ+a\no[W>]T܅8\"\" \"\"j1b*ji_lfϩ#\n	Y&\\=|.tUl9u6*YgiK_.\" v\nHģ4:f8l>d:JĻU[,uN~Ovu=mq-1{0\0@`(j\\{uVɽӞc.GKL~Lz`hFA\03LUPUG;BnrV)) _9s(b\r8Y[Ct.zK땪4NfBv\0^G;oI<tTUrnXJGE\0>l˰TU\0\\5RWxݠ~sYZ#(!zGVt4^oTIzTɼ+C z$2-H\"HDZj`i\0xFҚ\"\0rGm,\0p\0\')|jF; ?;y-d7(ېܑE-$cZC^-?M{kx+Jgjjf\Z{lڣ888䌧!rnKhTԲӦ!c`~V<;N԰Nsr5z/[<4pp\ZS9Vz*{RNh8T騝P=QneE;_WL19\r\'!B֑mƞ0$OxCX[pU=]qBwtFp>2ȜY\nER065\Z\\#;ZkRH%Ԍ\\\nw;-e}R\" 7/Zk{dJ2.zImT]4\'J}yQƔ槹kkI29yn}hyv|RPB#<<gGkrft 2@p{rmzf5w9GR6=󡤥6CIhvKZt([uMӃ($+-v55-\rl01_|#y73{/O#[V?yS\0p^6\\g^PZ.4/Wtn,\0gA\Z=X,9\nF`g^?\'%Apz]5rVP\0`c eP~\\VzF\'F\'^_QUH֖szym@!#}<m:@Ζv!r=Vigݵua,\\[5Ddѓr	7i̵@qdaf\']K];iㅘ\rkp\n\nD@¡eU|h Ϣ_ڎXkWTq \Za4$@a@QwtL}hȚ {+MfM;{ ƷL\\K)e{W=C_[ˇv-l嚶a+)h\'4:hr\ZͺҖ(aspB aq608\nJ(5èv#p\rcZ8\0.tG;:E #-pެr]ihv䭛o1$\'X\\-Ԕy=|Bz!xs\\FH4G!oʎ[QUz6Dby~-Z:+:l`}8[p; \"\"nӓRSTCyeUj-5-J\n\0Jw-װvPKTE5.l{B(\\HnߨW>iyr񜒵LǹI+N%i# Uڥdt٤\r`2HPmR`T~yOk4JQwk,M\'ӵDu=ik%r=5i[Kg뢧{=Tm+stp?zm6J_\0P1G0;sEZsgm5:\0,\0\0Aqe74aKp2e;TqA杢]OӒN0mҴ0=9-7h{H^m#ht1\Z=>25}; \"\"\" *HA1\\A!\0{.Jv\n;Ϸu$vW_ye#Ɖ0б<f:ioK\\24^eܫ+ѷ9.[8Ya_0YZ6>y\\\Z$~!6d)N\\pXQ`R^oT\r\"=GQG<(:(\n7sb|xqh3Z#/QQ3ª PXm	ki9{UԱ\0\\&qtq`- m\\z\'8[γG}зkkӸ4}pp×.6j\'?OlK}ުV\\>mO]uΧJVK\'=Px\'GcqsZ=_EL9];+dBʄM6lݩ.p<-p\ZkLG4GӴ9Fֆ@5v\\zW!q=er\\^	5um;i27O\\{-+C{\"KK#`y8V]i&h9(;6|vl4nÿ& o]67hd:i\Z}VwZy֛\r%ļƇYMiF	+MagQsTGֲH^O4f&UUQ)qsmg=h\Zv\\\nPQl3rc?LH~ם*|\0^ߒ\n\"\" \"\"$ocC?UTr.<N0gLrI淏|/F_4ΣQJKO fhF5\rR;|r+A%p}=	Zjb`lqH}jXW\Z<dMg`jKNdȨ\n\" \"\"\"e(\" \"\"\" \"\"\"   .mLTTJ@dm.$V:[U#\"8s(6ܸ{-O\\jdrO\rw\0{y7h_nhi8#Բj}r}\'89\' \'Os7ƈ\067|zi8d/H[IA2nne3OL<8ʹ[BjʆT:sFUEZZ_Iٟ(`^=֎:\'R|=4}PeVwJGMy\ZCeOq|y=aAwzȧR!F3Ǫū^UQiԳ<\0k,oKr20{PE4M)s^7?$Ron){u/ <S.ewÌ==\rK:dUWͲZYH=L!$ziV?{jJ\0\0PcÆ,KLdD7U\\u:M\\O+lw#P[Uʧy@ˎ/A/x컇dxhH	e88dvUATD@\\r?\ZlF\"A ѻ?0sNiԗIщ%\\u5-}JB~ymϯscz\'WY]ڦp+\"i=_@숈UU	uY[;$_u-\r;*edqdSt3Zfkf۬v)lVjٚ?ː&Z</.$]wY{윕oAȸULL;{\'Ƃ^p\0^W;B82yè:=9P %>h-K穸_gHK&Kh\\=.6hSO]\r6j!k$xw2FHEOCQ-3.fr\n\0`0H+	7DP\0Vl89ph?uӪ[pmn1̫S88`\'۴}%IQH\0k(.v;6y# hV|=Kqz8UlS]kaɣA4q^雔u֪`{fV4A[K⾢XhuDR>2C|s{ϪQ\\-q8$/!R.n֦}K\'8A(mQ\\e:^9<SF\"1ݜB{h5m{e{GL-HY&U(0-ZFۛZF76rtu\ZvH(h%<{eq|mx{A( O>b|z?)OrO~˃\"n 9ȃ \"eʡ@Bj\rGm嫬61#kbVnD+Ww?/\\f$u4-kMZҭ\\ke2JjfK9}T-DΚgw$?uD?uDDD@DDD@DDVTU6w~7[괗vwq1ݴDAlyqD9YY:B\0?Y\" \"\"w_D=h%V6|-pw_w&atTō`/D|PhȃdVv>a5]/td):8Ǻ\rh¢wCA޴u$r!r;T5LJÖ\n{گzLn7H^BH~I=[ijS]U5d\rVH朂wa,79KgZiwLXv~8/pSaK*g,*ttLJwE|۬d.7/PU[ư\r-#+)f\0ؕ֌+$\'UYU=cn;El%\\v3;ղ4\Z;5rGJ~V0NU/4۝r`isF\0=i\\rI=\\rJ	:\\\rtO֊ٍ4;YSbl;`i@Tmz**m^썠k&(=opPj[X8i\'踖y-P%!3{wkEm[&B(#	8wm7\n֗R#Giۍ=NحQ0g1d4E$ʊx+).\0PyWo)>p!z#M:(\'`u[<\"GtD@\\VA?O{v@%nZ%?M֌z?tdAlcsEQsT@Aicc&\"\"\" \"\"XkxW=:M0kgqVkq4Ziz%$s0qN8(\"W.R&|H\0Z5e4\rz+3<Jp*|;a7f}$l4z@\'X-3>Mƚ\Z&fc\0KGp{6Vi5}7N\\F=c$9a.8\0s$O`B>mF\")XCG\nݜVPT\"kp^֌m*-\nBfW~cZ㮶\0Qi\nCv{I^1 HT3TqR>mMV9dGN㞰r\0Se|1\0(5;Y?W\"\r:ST\\^9]WB/\'X&wKbk]ODn&m+Ym,5\0c>˫l˪<Ic*qUÞH(+G+RrA)O\0-;LKZqYק\'+,M2G4.էbjIoKpy] jk-,goGnӖT*^f1f1KX7(#廣1,→Y7CG8.kWn϶G\0<,U4OHs\\	#H2?**|4I{pp֫4tTtGџä(R|&3[WZ_eҦۍ?Wab*`[P]riKB;谭r-U0eG/T<6i;0eM⢢SO~^>cZi[KOA\"kzZGQ_aUq47bT\0<[{uWKKMr;84W]MnVM.q?D߉k-jnrH֙#,`>ڙ<$\0SJ܏U7ϒ:K[(!n~qㅪZIK{c.K{*	w/<%xzCĐ(bV6az>.EPu; ȃ 6HןA8r͘\0opC\'cea}T\nUF;D[;[dwmQ&GOQB24m(cNZ7*\"O0/=eCWM[NP\0|MUņ%=Ryc}VWR^qkdpˢ~۲6B\Z6.<;PK{M,_3fisWʖWM\\gElR.g,!AQY}5zZY]̆8Zl:ZWjf/O[A-*f9.(#ݽf+殕TW]˅M շ$4׈cduTᕼX)h劦2S{4}y8Z:iGšmvFpT]4\0\n6G]CTnT0JׇIϩ*&>\0s	FA߷A\\Od?\\O@	?cګXX]ult|z}&}F;[<[A蝹O*̩q`u8At Ԛ֌6|\01#eZ_lݞVL+g45\0/GmӰyWY(qhꝐP\"eZo}U\\kZ	(;W\n(|=\0z-q=ʆX%\'c8y Օ\Zpg[;?کag±%h˝\r%UOoV(4c=)=%^Eq>6C9[Gm\r\n{mi k4Ao!p\\rI=‪ꈃc}5֚f\0\\$oz?ޛ{oؚx켧25ЂYxn͐ UAmMD{ ?,>ꦅ[Ioܴ[]S\" \"\"\" \"\"\nK%\rF\\c̈ďlbIttѶ<0Xs؅9\rުGO<|u(2RA\"Y\0<ԖWi#AsAkAWu-ԕ-еܛ參w0ϹS%D5׌5N[/ևU˛(ŨR;f.{i*؏@YwX.ٮ:~(4ʑmqU#xsH WH&Z\r}\\h$kHc=Z^5C,u%XYItA[:G.iZ-[(MNVE<4Ԡz+tvCCP|\\srgӄv1ܜ \\nC5;R\Z1Ҽ7Y5.RT|>XNP_[^Ժu69\r-]Ra\r/!\Z44z,EmŢG%K]4{Y\Zր\Z\0Aiw\n`9g̣5\rh\0C@쩕8[\n=ՠ9%иT\\ \0$+m?ŔNG:J˓hh\\\0~8jL醝u$!\\6Q5,`,Ӣi﮽WN5o䯷+ž(IAҚb٧-0#0KK`z(7q_RW\ra-\\!`[VW{	j^a<9i/վu֋MA\'\Z-ҭe-SI/.|EjF]ѺVD)cz]A\"\" {[&3&H֏_Oi:j:[Ve5DJ@< `}p=D#wS\\2\n ˧tS?$Tkr2삡d:BG-SU09.vQd@DDD@DDD@=v^5}#$z,VMpfw5cs\Zq:ѣS٤zxDVNH-9[Wh()elcT5<[CXkj^+\'mAvʁ,Ϣ\r\"!rqZIuuKm 摖<~&uxЗ+zzs(xέO:*6|Ny>6հy=,_pɣ5eTۛYjd#i!cRVF2р=VtЗwj7^u>ziFFyA-j}-5HoÌ/ڋ\r}/S,}9>FO=>{ޫ$VFUUಝ?\"kqv~\050c?\\ W<Kr}7;8Z{e`T7G-WAI( ~k2m9of1ǧ?n1upT|&M\\pgx?t&?5]Ȉ-7??u\'[mVvCK`4vG|,ZU}Q\0\"\" )<D7\'5Uq)Xyy<,VmUԲ( nW\\.u>k@Pk~Up\\,*i*d}=8/4qIX=[]Τє}[g-VkinP|dTW1oD_|떝{}OMsuug;q|?ӏU$PQRS2*x0@\0~KHQR|,t2c\nݹE(l#\Z~aW|s4.Nv#|}XO3j\nj5tReU3ǨUdqs$I>D@DDmEKc\ZQ՟E,.{\\(=nW/EXƹA\"PGWxRJGt>RKծFچ<t3Il.`ayߊ6a*OeFY1PÏJȀ2|Cocسq?V\\2+==<\r|Gww2ӣ፯|\0V}mCSktfC||\0V])E^o䥮RXgqK5ƺL](G+AxZ4rMΣO6c(/pv2M4)٢_\'Wp {XһS]$ͤt3j6K2h}lc/W%[Rڇ9\"evͯ4*z{.Q1۷u~\'w\Zq/U	6\0H?	j4tϣNSZf%Tb(CZ\Z]VٳY\"vx>fj(GU_I[#$\0GO\'vx~>*&_u=iPc2WPKEAG8sXZsSOHv))z@)l[UOe\ZC8_/P4rYĕQV3?l;\"kCt7&h}rVP1ϪDܺP!t=3LPԸ$q?t5˜[n:($1hs\05.2i>y\0+Ɓ\\oUss*uKȥ0u=֨4,*཭\"&}KnILk3)H?\njZOn 0l}*t32\\\0?6\nKu$tTS\0Xqu6^}V7UwFبi\Z-28tQa\Z\\Sj\Z3]\rAwKlOe\rxu=pliTʢx/wW\rC[Ca<IU+Cq .K_=9pC+7w[MP|g9ko0W[wTbsw^|e{*W4C[FTu\0\rܬ\0--9GJe;gp2ADDA븳骪\\}TaV`WUus|ޥ|t\\41,À1:pU%_U=1-k><Ȭ2=a\rV/n.gw~ۧ{ִ!8\r3u9i˰Xv5g:rﺽjˬ3vg66Cr|uk\0=Eǧ(6ʒ14q@Txcc|}U=Blp8[\'!>1X*dzrVHYz+厾µ[wA\ZFK.ZY(`8V,m Ӗ4>O>mհk`\0,Z{OiS<d*p7mmu\nWSHzV6x8s5(\n^pi8APޙc+Y_|*/fDY OVE\rhc@k@q^\0TAueo\'q\\(2Mk-KmsHzY<HEmTwMoW++t.,XG{Ztw\\fRNNOΰ{ -vfRM\rc@]\"lh!}=An>gZk@<}к;=Ĉ:F>JeZპTK6jk[/NOLwp	t,wq.\Z:IX;pn4R4ƜY(,|dy/Z5mu+[?E)Kĭ[VV0Dzdq<tھW(zRw010M=ҞiI\rk^lWpI8A'),
(6,1,'majime','59','cringe','mjm@sml.com','2e315dcaa77983999bf11106c65229dc',2,2,'PNG\r\n\Z\n\0\0\0\rIHDR\0\0\0\0\0\0\0py\0\0 \0IDATxwlYY&y8 QPD2%_qQ`$0		n[gsNWxwUvU>ykcʁ2NC=T>ϖe]V.rWk6~/})ݤ+w_/}?/#<R>\\o~|MozSr7K.dRz.ԗ\rqvU0`+,yk8P/=@敯|eys[zs=媫*W\0-_|qZ[[++3X|<9V9\0Xox!U a#:@?A|//˿\\n5W_SwO/|aH)\0\'U4Gw^*9?ΏseL8̂	8}/ tvb?n\\Dn/9!s@Ώ\0KQ*w^lHnr\r7\'|2o/PCZ	`e2`s~gX=qDb:LZi_pee>{饗Ozd@{\n?ƴwDΏ9&ݤI=`oѣرc!t+eZ ⳀV~l2\Zu+]y-t1e*g\Z?O4}<:-c5әϾ\"	h~g`l;g\0Օr`@NY@$עNۛ\0L6RklBR\'Q:|~ {IˆFUͻOo:ݶN[y)zk8ªS(ovg\0Tm-ӾmvuW;SW5[ƭp%5u\n&7Klr.?vyE6KêA dZq=3̞y}#-;J@U\\$c8-R%ahu!y\r:t($T ٔpZRvU6T\r%ٵJ.Ŀ$jg}P2,OSUKp>:Ϳ[Q`q2\"aRI=W Cb{4=๻g8VGԲa!H$v..2||3){k_\08U$Dx)ʞߠMFݓ,5OjhjC[hCf2JY_m?O<Z_I$n&mgΏ[^:P\0L0[V?X~g?~|f.yLN>Ϲ\'%.НXN\'x\"ND3^ǘξi`_&doWʱǂ7\ZΛ~//&qg@MxNneiJoݞXR.yl.;y1][k\"d^*N\'>__dqXL\rqtueTt~FҚ+\0ԏ=X7g?yN?Q?V}x`a9!K@iP\ZmW&aӟG?>X%Q^	\r.!$\0?)~|q_^Pxo@3g؎V6ܰIFXg!vq2Qn`1$l*=d\"e	zkIJ;Gp2@8\"sY\ZH]p\n{/o|#7\0ȑ#q]	\0-K!\r\\\Zd\Z=H$2O悴s-v*EIN1rN\'|>t8XSQZ\nJ,\"e5. l!\'>uz}sAysb?OƼoF%.C9iTH<C\"q(|3k+`ñ9\\Y]\'.8|AX\r%ya\0H@	&I%c$\0	\0&WQx$/\0L$2\'}3n-]]<;;\\T釹k3\\<G~Ϫ:fLg9{,cf\"	JJ$:T8&Y~ʛ xL2<k#Nk		믏CfUJY\rȑ͆~AOS2\r\0!yI\rp3]&%\0~źV6-`z԰(ᑆҖޤݬx ry԰ԗ8XED6|E)}71BB_(BU}΃a]wU>}cA{+^g<#=eLm<Wɞ\rpBMCT0zS-Ʃ]#Prh]S@[	 Hw<9gT\0.O95g4:~O3#4ʷq?a5tU\rELbAzU?f\0\Z/yKF\nx_(_Cds$\rjq`կ~5@\0,Rr*J>\ZB{EgYo|nnj`J6ǲ-3a:W<ώ5ö¼\0\"IՇZ~ߍߑ?/lH|5pŵU/:<K=_O)0g\"2aw GƲA+sl1/yyN$8|$$Zy08 Nm	\"Gzy^6UB軾;rJl	İ:\0˔\r\'6J8qW6|nsi4a<\'`Bp%\0Z\"\0L^\0!\n\r̐pM\0uC-__\r;\ZUuCmyLH2R5w3[yMƢh$0\"//x6Ứ8Fl1p@\05kJ<7f%ӛz6»R\ZeՕ 01mH!,\\ts{$P@xX\'C\rƪﳦ;\rj k_ZHB=8>O/tK0c\0̌?=:f!Y,5%<HpC]\0\0𶷽-;*kHc3QX8x>g鐃\"bcFYc@}/WpAnuB>EnH:IաӰN%Ase!\r#E\Z͝\\F	:7j\08n{\0Ѓj;Y.,\n1l]GIܻS6l4	%	AaBG/sb $ T?3Ds6kEe!j)0sݱ[%u~\0C\Zb\'̾>-Ys{34]00ζlߐIgDπj\0siO{ZH@hQnTJ[if\rF`H-xw\0r\Z?W6+2J8[<elrɥăC%!D..	,0i>z(f%6*w\\v.L.l %\"\\	Dh\0._f9\0\0zH0P.=2ۗ[\0ų[F949QZ*RA%b{98 \0\0@u&G.=R.kecsr$/?`G\Z{rW_~/~o`o\'?Y>yatFH:7OIIcU=\\X<7D?^U8\"k0Q]Ɇ}D>TEct\\Tg/\\`@篽ثpNUwJx>* k;ZK7r9<@l)8+Ek2p\"1=)r3o\rfi:4q7z5\\oH^].rM7ƽ0b@=;Bj!\0`/@e2&IeU\0q#4xPCAX4Y|cb7a n\0#3\\2\'c}*\"A#+\0=01$d?\0y>wx|߈}Pf8W^uenCd&uuq\r	8Za9\nG<X?x&OHfLGjo\0!-Y_-Pz&XCΈ>>`𼪗Iz_anyo\Z϶U\'.1s/jG8ѮQ+wÁ,`WkC\\bop]mI?)%	Ww^IVf~X3&\nH\Zg_FE\r\\(#;UfKV\rc>j\'#E5_R:Pcd0rxߜ  (sgx\\<?|\\#ΌE׆6>[Xo>6QV@%+{p.PH߈wqYj.{u軗cѲiU:D\\zɥe/}YyK_,@A鵡<Z.	iK屑a@#1wY;l=%*Ij㧐`\0R	)\r\0/Nu?\Zn(2>6%lS}YWU]Շ\0tDbVvE{ky;D?ӼY@62zJAJ?o\\H\nG[LˬPM\0Wep:ʐ\"&;%spJTm2po~A.4|qA\nI,c}%Ey}X؝^\02/ 4\rZя~4=Tt$@8oǴlG*i\\1?:kc?/ߎzlێ1ck\Z&娾wI\Zmfc\"KujXG\Zs-\\iјc:KqW9,5IѦ@g 1`BcDs	ovQ7|#:U;C?Q{\"n\'xx!c>d>Ν߼{߽;.+W^qe%r&+\ZUMʇ\Z,\\6Ck7kܴ4quTWlQmQ!*U|]myfT!HfH	G2L|R GU{\'Z$r^>WVbND}x,\n;c4lke\0\Zt́?,,>gdLٙgh*Kʭ5S{Qs\0\n^_Z1c8\0.̫2ރU˷3R^ID\'kil5`04@f߽Z(8Fa4ݥ\nC`\ZAUOWe̮e\'HysWuwL<LE`?x>\\#8Y!}\"092/w`&];?.D>i}{p3Ȋ&fKC	d\\(J_npX_	LO~|K_.?}q0Ig@pEX1p.\\]fcpk+\n9L?&X5=>p rɨ;%*yDZZI]A\'c3dлUW_5Tt͋HG0Tm[`\Ze,~V\ZBzgYds>Pq-G.;\r8Py<J,\Z4ԲY<!ɼ@9\Z\0g0Df˹4U7bTՋV\"4FPsjŽ9,:1\'s3#y]-aC0΂CǼ$@FѰ9G\0#͑IPQ!i4Lq&3#<#T p;ldZ\0\r\0@\0*Lz@X\"ua\0e\0@pIg;<6 @!,nzp|0>#!:]1~p=9vC~~^4tw#+e \nVm@ٍw6דJ.^5@,x9xֵ%WwJ(m[lFo]*lu޹>B\\PC\0J;Hs,FܵVbE9uZZ!93yT~҇6o(	if!P&Z96JDc<@㰱ndZ&>ųf}	r\'OuKS9e{Ch8X$Y	o| $T#!f3Q?b8.5n)BQzi/*V%\Zip\")b/SR<$=-j{FکePJMJ;ݝ3Qމ\\l^OS]?@\nزxqHQ\\(qڐH$	!P/%nC{ǤZX<%dS1<2J,ec\'PxVV@m`D/G\\px=G|!duDhj=\\8/+6]^sm[8 5_eH=?\ZЏT%e8O9JPFmpDd-	Yf?ۆ+i\'HH\ra :[[B 7eL%ktg7m\'\"f.eپh\0Hlv@=\"@@\\(VEωkd{k=>4ۚt)iӮ%υ)pLЋn{Qŗ\\\nd!ɣ\n}A?L)%cgXOz6Ñ7Lb\'I$\09R:{Ic+\"Ya\0(@`tAf/4J@w9eQ+Eky\0ΊBw}5y\0\\8pY{Ç$ƲIQKR>RRH\0ؑ`*H0/6\'@N(w-h}T8wz[Yp1LUY޻mRg 	T;j@LH%k \'KLMrt總c:uYII% t I($m>%TAgl /\"\0~5l,ŘtjC32d*	@ZD[;&ʩVOR=`K3`G`7poRW^1+Ú$uC<@#bw&pD܌pb]\0u(pY?b@lnԂ=d؛@0\nVBl3`%\Z]Ƕ5ؖb	mΉ|;2o]lpKoebLR{Uq0ya`HuAcе\")m\rkXǥ=GXcM~\'ꙋLZlW\0%\"˳b.;* ++v9&LNQOm!\reu:̢B\r?@X<;cRP9m&5i^sd XIc˿KnR\n (-G LBzѵm+q\"BJ+e\09ۛZU\\vq+cCZRYɧPB(p@2Ԏ\\^V&a.lRߴo2d<|zd?5O+bPV?\rD\r\0妛o\ZPMym̶ͪs5[df0!ypxeRʙ4ѭZȶ</:01AԺ@x3;G_? :qn4xC+eݑ<X\0mPgoL	o͚Vbҵz5QaZ:@::0T!\'\0|?i7ݐ]F)$GT^1\0\0 \0IDAT͟Eә|rۘ[VͲ3gD֢7yYP0]D?&\rG!Y\\#,]L}\rQ&t_??Co#P\ZbmhG0.\0 a3U[¢!nG\'>Y`0TD`)c\\`[P\098:g05Y-ލ\0c sT\nF$ցzB#w	W\rV;+&0swR\0>χtHr\0$ Ϊ$cFAٚ\ZdWr8M{	J?ޕ*GR(5n>H{AOrt94W_۰ۗVtR+w::ܙy\0bح5w٢\Z1#?z RQkcd~jlLM\']QSz4j9Ւ,NA*>g4\"-nh?<b@HDZѡJll@9\'n=@2o;(v9OLY`ϕ!\\ݝ o~\'Xjnicj^p1q\0{zWZl=|bo?}xf$@d\'s[ mm\rk\0I`!o?\r\rH/3A}if[Rjk=^C{b^y{;0VɟI2Ij	q<ZϹ2>-D?D:>O=æyabNh6I\r\\l.\r>y\\dl^==Y<5T\"c}vz )p65۩ڥ([{\':>=*<5@vQZ])$2賖\rX`\r]C\02؜,-ΪH6r{0Zss3\\@:?ע}nc7!3Q֪q&]YRwŮl8exl	P\\CT&: ǈR(MߴBW{]xǘJ\'Ҹ!Tdӳ1-Wk@ݺ\rw0;\\N0$GB7$cȵXXdKItbwNt; yCKp\r8~h!\nlrx%\0`̋@3~bnEZN4U[ h\'\ZXE/\'g9^J[#2|2b\nv$Yc3)nRU:k\"J}`9X\\\0ad6rR	5^Xg$\0fbw7\nha7Y[|Oz-@1q݌yUmDֶ9̃d?$PAjBυ\0$a)mdW̊?mofG<KnKMZwJO/xf_3̴\r1ڏǖ\0EUeЩnYsEnΆ1H\0!!ץy&DȚB±>VgUׇ1aV}͟O6~0()jv#>EJ\'\"(o6`+bK09(l03m$h{R3|\0k\Z ő0x)<;m>VU}\neh]5\"z(ZW6mك=	% 8,\ZE\\Yl;Y0\'H\0*Ա`#?E%̚!*A9Iq/D\\\rpG᝾ڡ?waYAsǨA2Y+TV$0\Z1\n*m!\05ux8^P!0Y,;ɾU-Uql{W?{q[VPiyPH\Z;G-dЅ8{(lbњ7g\'i^̛X$M\rw0rf6CHUgE#o\"0e~XFp)r>ߥT`$??cEyZu\0 *lQte%\0	B0jO?@B<\'Ĝ?F緾sjgI)ӵixsl+s34YPU` u+.ٜ4+ A703IgDeT@W\\B`!(03R׹N\'-`ߡdՕ\rRg><Q`.dv-Z84S\\6.벱m@}<DQ~rxH4Ic}nLx.N/8l<#7O֮phg>bx1JT ~y\Z1D2AOmoK?!_wuџg/B26״߰R=HBP7\"G73dpǒJy\"u:V\r>o{a%0I5GS!QޓbV<Qs1B	#E}եP6,\r)i+c*fÍQk{߯m䈧qҫh+gnps@zރ3AHVcQ	ɒI\0,dHs~	qI?	R\nR/D}ޑ\Z|y8-	S	c*}mFv2z\\	W6F.^:J(/|R\\$R@li\Z_hW:&pzݘ/%)wCj&ngl([.ڀRwuedP\\4K7SA\nDC\r$\0UtjDI6!0\06$n0>QyG{aNZ\"=>t\0D]ƞ?MY}7W]%ZEIO9>k1+=dMd@--\nPI\'*u4M{/|aWF?@00g:+0hm`Y4t6l;o\n IsMR@,AJs(Z%oelKB.aI69g$Jk%][BSQ;8hlř͢\'|0ʚf:	=v6AR*7µg-4.@\\aݨZH%5\\\Z͉)3@|ZYLJ[QJ:f]mKEac*>~7b#x\0U^ 9@_l:#\'*\Z̉fysTS~7k2\'c[Ok_uWOI\0@ \0>w)W|\"vq\r\0au	i\Zh~HO+vt`	 l^9l#g~cGd\'`NpS\0]H0`sU<D׆\\ZF3Teݖnj6lW;1{͞6-F-F|@!,E^4W9ROy 54ۤr-h}CA℞/:fIZ1\ZBnA)󼧷{#YjH=J!7X+?DeH:},^3b1҉yNlGے1(\ZeL S T>*VR-T&2`E<=bu\Z	CcI8L2wa;\n][WfR}prwx9Hv$v5&̟%\r\Z\"F\n>D5\n2W&gĺT׌Hjy3x-P\\\r(C\n4P46ʱOQ{y4YVΊ_2q؜٦>繭dg\r6wbCABc)-ǁP}|?EFCq\"Aek|@d4ʠU,vF?N	uT,*큃qh1P0Dڑ&amQgIDX{T%$^\\|Tpld</۽B]^6{Sy<\0QOSA\n~RKwض\re\"YFvSAh0mYR\nC}{a <VtÇ74oUV&ezbVꫮw=%.qD@:.1Da!H	}\rj\0SG_|HC_0aOV3=Vl.U2y?τʁÎaZɆ!b$EuJc\'#µ>#¾*-		u5fepl,]m>Kl T5bc1c@q*J͹NrWm\Zmju@=F\0Zo?%z8k`!p)7jT\r\\8{H$DQZz4/\neZ*\\OV?o3*\02&pcJUW=GBQة\Zppk9^ū,`BFZՌg=wuJPtn\02%B=Pw\0-	9 sD\Zl54Ԇt2#Z=1d7cA6>l.,ZݬSe\'Dx)\"Ŧ! V޶!ԈRDO<*P\0$oxZ\\y\Z\0͡A\ZZz3\n(FRy͡o5AJ u!$#Ag/mwhX6	pu0,JTe[i:ʄ6SB%jGlB8Lea(C#.{=1ck=;-DB?ZpP5{\\kܟT1D-jQ~l֐1Ll[JE\0?(C\'5A|TſDt(ϩdє͵qv\nnau{vw͔{%0~ӟļx6êBԧLVusO\0gEBCES혃WDIu,~\Zj֦T1WVuy-#$,CZoxmf\n(?:m\r,\0/@t\0@\rzr`d P+Y(4>{͇.ۏ[vdJF8daCzk|T̶ȓahz#6tpk~Dۯ)\'[\rpd[ے@\0\rԸ.\r։ipIR5Qm2ڨ8ZQ\Z_T9(UCBa\06eEO嘎{?u<N^rqI;dzs&l-L=C=fM 1 g\'{ذo~a@H9k&J\ZO%m b\"oyܓzyFKme2W\nf\ZJd¦dsqg>,n}\ZlmA23}86	ׇpuÍT<A*5♱\\yŕ1?\0Ӣp9ZL`;JxP\Z\Z\0D@p}nP12-8\Z8D<CYmYP7d{NlHAgNQhfmqJ+\n@z~ec[U\rT#a	w-6k\'eZw\r(exǃU%o{:\"{,荲:iY¥\Z\\Ãsp 4eH.U(kjx2SHy\ZW>\0\0\0Gb:. \"1q!֕똺0QKZ($\"sc&%O\nhx>ײ-j~$ngĘ ,Cpd>f/vmu(QkHH/hSB:P	+پM֘5}y\\hz]Fj%Q=ͨr~à4+3#pхzxY\0۵\r0\0H8VTݦ\ZZM^P_Mp0av\\R;\0ZAho01\0l!JNrǃ=Ɍ\0Yx8$qQ#LDh:5m{9J1KA`_HJp	mgoTI)F@VِIdaihʹ_yIzTT᝜l_){	(Nb,t> Zl?,ȀJ4k\"\Zl8܄k Q`p^׾nP+C![u&*̀,qfн?OEX\"n2\ndMF\0\'CUrbAN\n`\nĞ Yc@}gOell97Ēdo^jN5Xh炖Q1@v\r\\s&tTD⅑\0mg)*YeT.EA`8\0^\"ϡDdr8[BzH>H%$!>y\'XNω\"z`%dYg!@9k	D? 4]\0I̭T?|Nou)EANj-~!&xR{`ATZFvX۫\ZR	@u1S\"dn\r8A0/!ϭZ3J+HˀHb8*6ӦcRy@hqo710}\0X(IuJ tsfX)ex\0%b8tfC5/rg<c)EAe°(gO}:CEIK\r˰Ѳ5e!Tw=\\ݩ oF2j#=J1N42NUV\rW/\\uI+P-Cwl0Ͼx\n\Z 09b]!h{\"3PX\n2k #½ (l&dm P+G\"Qok,Fx<9fGP9f@)tqm+\ZnuE FErș7X#82gbt~I\\}k\nѩArJ^#\r\0/Rq?S8;*)5$o~ك7iNȾFi0cGdAZU݆ސ<\03	^|\0p\0Ț=omZ4/%Gqe \r`@䃰\0ǻu\\w5ؠ\\Ҁ\rh\Z	L(	x#\\|jw5+I!3g*Bѣ/=riǟhvc]V-lG:<V[^2uwX\ZZ%NN7/$_}mT4a;]l1v#Tm(7?{ĦܫF)^H\n`)W\\yE70p4\Z1-59fCҋ]`*W<w{\n(}MJעZ&ұiz\"`rTe\r%axqFxf`/	z҅zûsK<Dr`VibPs\"p/XCkP^>%2kڎ}%uM뱨Xf0ӧ~u\Z`~[0f0k.`II`apZ> EF ziT+!4XP1[\Z?ǫS`\r_ZnBj8=fNƾe0\Zs2CNtha}J?`|`1\\\Zyپ0nZޖ7|Ǿр\0\nL2	Qw%I\r9!u_4<20@9@x\rCVNS΁\\׼{=#[=`}/{ig֥XrN@47J}_L9,l4ג~hXe\0*\ncG\ZhQ\rY(bQ\"wigu_l(	l\"NףELyut)Gge9$\n4p.6%vl֖~pVƍ[h7R`p!\0G\'e@r!хK$}9t`g0syT_fJ\0\0 \0IDAT|ЌStuFmkc+J]BuW\ZWj0[>\r܇=!12HQ˨<[B$ʵA֡V\0\Zs=Ƈ%\\\Zpwpu) ϵ3_+Gl?)f؄<P(=K(jxP!k׭%[|Fe+VGS[Cw #!`B=B]f`f88}}ȁ077{AQ&\nƓy>kA$_.6FȭUS}CpϥJ-$*M,gxe5ܫ>,g:0zl߸{SKQ9!P͑akd \"Ip=\0S1ƕ^^h0EgYLDCX<lbp-pm\\\'!&n\"zD\ZՌp&.Z)ZYfCh8c6<Z5ÒF\nw5q,Za45;,ZPdYhFzq#@\r\r;\nnVmѬL7ؔ~Nո%%Ni0n?*9>eRB uqޖ\Zc):P`z[j^{߃*nNGBٛ[16^/E0/_gȔh$\nN	{l׾\0L\n\n9x0U\";	TDO$8Q/FfqdƆdHrkXU,|hMVǿn~bieY%;M xɥ5yRcmbrQ(\\>Yignaذ>+Z(CLX$z0uEQP9gaпwFJg1sH\0\0$|8|\nxgG.e|;#1!F\\8\r2+$i2\'\0Md;d3C᳖I(\')yFF~NlYm	O>d\\:0a7TPSmuǼ$*\0i$T\ruU.!\"gQ0`/Z /U\rw>sW#x@	g8˙@Jѕ8Tؗ8^=\n{47yYP=RONϡgAl?K_æǆp(46_DlBz\"};bZץ\\-\r\"-{\\鰗𾙫` B;nڭfoNP8\r^.OoWE\0+Y#K%bʼEβR\"Hh%-a{1I܇^BLEڊRlOy=Eo<\rusO%,[I1\r簢[Z`V\Z%nEʥ~^cԔ=?!TT.BF\\:,*F1۠ĵLe|g; м\Zf7q\"7}Z)G!2kD*aRs+?y\'厯K #0\'+\0KF^f8ͺ`/!nhDz3^=l7!},s*l!DetK9O1Psf~YG PYMcM8rEuKyCuak2;6B?s\"uNا0l9\\ݤOcF&C׼<SK5bTܛ\\ni\0$lI/1\0m[\Z䅱\\[\Z^%&e}7*dno{}{2US|ipB$t/pfJ/CP[u`T\0T $R\\u|#z5s9`ȦXQ@ȱ^8d\Zqs\n\r(fr`Ż{pϡ®\"^RMιQ\r9&˚\0Y\rK&Hxv?kaf` ,M\n\rP꓈ɂu)(WaD*\\W,\0\Z%1h\\r-4B^ACt[:mǔkƆj2NEsfA5bc)#Vrb#,b-nI{^~L	w`Utq>HLgX¯$QD/)*#Cghc0<ȣRIV~1f0.̍xy.oA.WfpU\rWoo˰v<Ѐ19Ox̐RY\rJy,	=`gNArAx`2\r5T0dvYel64K:[<`!zzL&]$me[`ncl)-7G*h@, 8\Z\0$pDy~XЗ	EdP}PC@p!վn3sjT Imp7/|<rEUiÚ}9)\r>8PH\ZaԬnFc=VxF\Z\rdɲ܇I=愱֖MR=zǕ\'Oy4b`azfG>~r\0T8G:\Z(}pqPa*>tn{TNO_	%tqd~c?uܥ0qqod0 YOVݎ\r\"}z*`/r\r70A!p0~BH%xVB us\"Oj Z)\'t5,Tx<עkAqųK\nwF\"hFr7̀b\ZJ;J3Y<R\0kP·k1\n}őɦBL5bǇp>{d\ryJk<;ۼj\Z6ŵ[G+-\":1#;]8̝A0\"=K~*ϾjJOGaꌍKpg@\0:\r! Y)eCQzsPreRod/yPsB \0ɂG\r?{;\0QґV	82@Iu@Mo|SykE8\06T_囹g6~-~\Z!8(6TL$Wl6|#.V7s䚨VbQBa-xc_Ut%Iu72{/TUM.yF\n3.F{N)\ZY8gA\Zcµv	v#DԺ\ZZ!W$\r\\\n%yٻ\0DLH\0i>~l&UכB<*	\0yF[}`Thu5P\0j4sE-Qcל|6Ffkǐ4wx/DOl\Z(ȦZY\Zz\0t<M\r9-byDhkS i[Үɓ<3\"v2Pdlc?{\\|;XD95n\0\'u#\ZQ@@ 8-v^v+әRtAi>Km4Ǽ9Lhe1,Rʕ\nPmORzIUc#c}&IVYAg9R#./{y|C-1\ZnZb#a5{,1$GAJzҔY`t<{;qy\"Ht6R2RɔiNt\r|f5]OzavVrgIf\0A9fCaX\0?VYfeX˛n<+\n]zi\0	N؊OךG8ɯT Lm-%å=UJ%\'\n@b3ׅx!p89E}?įg-yCspP,hzuҬHyMVQo46*\\93_< X@V;\00aYm*IqJ/Jj*T\n	g}\0đb`0<C[ļx=RMr\r/p>8q;y<9ҼC6H&m[ѵNǾ͟AD=\"`XFVǏ\Z\0}XU۲e&(e9%jH%?Cjg>T2ćj,b62	SuS<?$\'9Ty\\re>c*D0ԂAWH.-gHR$WVA.{CJ^U4aN#\Z(\0?{`\0}tǥ80nĒmPJ<-Z읥H cmxۺo]&E-|qc\\q?Ah.eY\0{08a[ nEbPﱽ\"s:scjv8Rl=6\"0\n`尮\rtA끭( 8<x=\0X;\012._7iX<=\00>eQf:y_Cڰ\0 y4΃Zc.$];?ӨybkrV$Lg纬ʞF⫯	y\n<̞3ř;PQs=9g8ptYQ} \ZU{	\Z6jUkOl6R6fMIQ=\"$6n:5]Lp<18ց{.p	(۶9倲~cVUДd`9H}-i:	W^!`FBF30\n/Xe\rx>fs[U;b6&d5L5>~u:_ĺキuɅ5S\Z(Ujfڏ}vƬ02**tm=	Ж,cHveSSO8ddm`2Nr+}20jT\'0ZBO\0,rnLYZ\"xP,\rjt-Ĉ@3?!VDu<ƁPtq3	w`ΐt«+ʼĥ95UWQm\0Z]\\ųa@{ǁ\0!/`d(\nƎ^+$	4GZ0Xc<RRL\'S#t6]\rV֓泚=i\Z&g_@Ca̎?\n/ 6.z}BpWh{xRYUynFgL`GD\r\ZU`#s b!!P}Dx+z(I\0gYF>BZcʨmM\0\nTj9i(8c(\"^]難fRkb<% C!PXLM5`\0&f$Dv$J2Aص?5#35KVe벶e$|z3gc\rAk4EBA\Za0gé\ZO\"XhTQy&l9ʃ78G8^y\"ҡpP- 8peyuݚˤc&l X}l=jTsAY)uI1mrX$0|^r>\0{*ĺo\r5bWFII¸`Q<j\n+0VReP𐚷wIA,AԀq oѐ&#$Kvޙ\0H+\03}3N6Gɇ\\	a\0PL\r1h\'Ps}hev0|5ܬj(5/\\ڀa-qo@|QףЌU\0GN} i\\\nPrI\rMo AG\rځДv\0y1>G#S4Kj%_#\0H+\ZskקZ\"!iv\ZsxlQj<[Ja@__ov̽8,u=9J$ߩs߲-j!s:w1(\n@uk\'ѝ!٦Ծ>O%ynkX36\Zb1	aX#< j\0[et)1q+jƴl3a!X7ɼ-s	pvHUDǁ\'<#^E0b?(DT-	Ag|9h432AY7@CdpFQ(ϪMO]IpxOW%_*o%cjP>]~\Zdc]}\nj#nkzH_+>5睌}kELP8Fy߽XGk<\"e y8Ctn.q.͹*8Xp<s@\ZWkEjCB^n\0Xl\"iEC5\0,왋}Qh$:/Cx>kam\Zo}a\0\"I(NŰ/e$\n3-T.ڐ\Z\'/]},05	,k\0\r\0̬ҝ,\ZHg;q ]*ĵ?{<`׈]mffhhN־<FqP\\8ؖ=nF\"rMm׬kCu[6D{x@P\n~\"JC̬	FI:nBڧPm^6k;s԰u$]H2/$&mJ0\0\0e#Y5m]xZ{B܇!p/{4<s/Ȕ]*s^LB}`FqV\'iP\\\'\"0k!7g~>K.a@m	@,Oѥ\\Uj(@@a1X(9F^n1t/MFJ!46\\\ru\'e@@Vri`(aIG{Gp^_j/挔D-{Ҧ l=4Wƛ䐛tHEth۰\0c7`\Z~GA\n\\fXcU,id/M\r̹a &/\ZԸCea!e-R,gT!z]0ٳd2k3\'ml.o\';Y}s#Y5oM〔FDZXx(Z@HuDuT `0шh$SXӡ&\Z/	P.*̺}5G\rP&$\\!Yev{Y/f93f-YcJ3aheuC.UA|$y:598xvcT8\Z\0\\dj2bOrrt=%=d9hR񾸍0(\nlm&p&k\"ٳꉠ0kG`Z]89lxH&j\r0˩\Z%[Et:&~T^2Êd)\n @8\0X\0wz#^DRm5z2OӈhtԝPya|$$%$y7 Pe\Z~T|8mulk0bI 4Z0iI$cN홺y^ըEg;PZC4(M&as\'6\Z\0AAB6 b 5fH;žE^\r ʬ\"XtHII~{:&em]J\Z6#=\0aKNdua;	 \nMmSҥNkNF\Z&:jWB\\!$l,Ρa0Fa{gI+M9.[w\0ក)\ro#PFN8ΞzB^62+cR¾6=jJ1nL+ಠnz\'dΫw{_aEfE|Q\Zm #uJ\Zw#% ׍sU?U\ZMg	l}O<D{z=ph]{̽P[|\0wHgWVe4BBT+/Q5oqtfBfs`OM^dB_uTc\0\0 \0IDATUA!ur(،nnл:vXPsBneśgӥ8oFDfH3:,@=JfEkd!:PYRo][!!wCKAop&\ZU#vzphEZǸX?ɏ\'MoaGD`T2z_k<A.\n2jYF QƂJ\n}P$%idNFݠ,ϬsHʀ~8\04/S\0fnu9n6jFю]Z6\Z틄ֳQX\"B\\U.`vRl:ULh/u`Y17josszʂ*CZߌtJTr!\05փc||cF?-@pfߢ|\rƞR1\0!痯|+9/yn:^HSԓUEs	Qx~qK;xnUj~\Zrf,79:Q`z\Z-t\r`! #Y-\'̓ńͯЛmFqj躳8\r]cN\0Y)(\Z3\Z 7brXRw{\nꤞ,;<;PۧB`OH,yםho0Plio-E<},/T1斻?jȡ[v>(\"03+29@k>\rћ}M}mZS[Mt	$ٷ{H?pund)e:*nXm[L`x#,`NB܎EHZ\"|G($6%/}I+Fk+X9׾B<mʡFR\0TTDV0>E>ՕFzK\0c{*~\'1dRuqNJ_O!7\r@Elc/@ZNqlG&Cb+V\nؓZqH\'9gαSsT}԰\'exDn;h|E5cM\0klz泚(^ړ%*l$s/{i+nyZ|&dDcW͌}ؚǳeߵ\04AA+W_\\V\\:d[gوryJ?a5K+e9	(40%YXA(6n!y(8\0	[/܀eu86>̈:e7o(ؕq\"`;J+K@d|\\\0p-\0X[xcNo)7I}uAWc$|^uM+<햠Ej	ALǆCl\Z\rߠ-Y֧-1*0n+Ɏ+uʸ2V9(_jK(ԃËL:/,m\\L6\"C]F\0vC\0Z=e$ܠJXG._17%qv0a,bb\0$Ń\"AMFDY:@L[丕4I,)_E12HQ<?!}c1toc^΍a- RZ\rNZ2cc\Z.V?\0d@X=Еk3Vù\0~bðT5}͵הn)A\0-*KZ/ǖ8	3?`g$߅e.\'{U)ei6Z;ښ&qQrNî!gЛWv+aV5{ bƕ\08kByn5Bo;ysPXo;\0{l&nHPV\\Vt$W;x%\rG\r»k:+aՈLoG~g\\v+C*G7^\r.1tJ842{Z6yT=<;jf9IPVzasGNk|g8%Œ,\r`[,ՒXWl<L\r`rÍ7mŘ;rreDۅY\'K`\Z!I P\n\0\rRZ`%rQ_pX8oeC.:k/#ۊZSy3R܋Ŵs<L)COYjN)>-_&QZ>Te4,Oxwz߳PqvL.a\0xMR1⮖;J!B}\r~%B=C\Z]Z63g^:%Dk[`,EF>+#1QJ0g2e}jiX߹ړukCeeBv>R]*V4Ay3/>ioTIFEg:Hz[,^xG@aSs\Z\Z2l\0 |W#\\8b%7kJXm[fX=rxF8fw#gS]e@\r:u၈2m ,(qNlޣ$2S˕^ƛ@KH[eflJW\\&P\nᆳ!/y@>m`\'\0-P\0Do@@/DcQRMI()I#oR!Ksv)¥^gxAZega͑cSBR6:وx{c1PFKIoY-*`-;Ij\\ݳA&\nYY-܏eX\0VW0ķ;N@I:nMyT@z[lm;}+#ְ\0|W=j) &-\0QlF$W3qъ`_\0o~s[}=M*myܘú\0hؠθ\\{:,oyvQ8&ϫGzΓ[FiM@6]xQx	>4lٯnx	ڳw}.Y\rzOea1IGƞ(s豇1p=H~hJ5T\0Fi{(ɸQzP9lAAw\Z\Z[\ZjofZ|O4\0I Z۷w!%ZQ=:UIۭ\reYdc1nG6ڭ.œ\\O-J*E\"(&BgFV;}{\nڸ5McսYG.zť&9;b!Vu<5*!p^x[p83\ZPQU?6Uz(]*Xx>Uk4%J$s\09j>j+椘^*Weat)ӆ(H[\\ȴS^~9^2\\R̉l\0e#yN~aņfU٤^\rbGFqI()NEa8hV.b~\rQڀ?x\\R!2^ѹ?!716Bᶍ5h-}vG͵TLi\'cǛlp{2f~&Osn2)eh?(f\Z<v^IצkldŀG`2}珇=_ƥ䒓cj%xzx@Aˢ|~O%k=<P\Zm.Hv^ ^{#	p-~\0\'T#{vfJKUmfcA/#N]MZA=?я\nFe}bFJ\nMDWH2\0f|=elca\r`( ˘]ˮs\"#vY!d	^!bverض|PP-[XC!Uȸ&؟ R9\r[CJ!\0d^\0-#\r`(anBK=ǵ8s%ˡ_b|H)\"7\n7lvL۝_5dþw@7ge\ZlUgxG0[VT^F	=_PN	0-\'31HY\05P\\\0nB☺UJppl{jbAX}ձIjfzhn(kYƮltTchxFy*\n8l4yh6{~jqk YlyOHTБzT~Tf$o%* T.8o{Ցcv3ΪHnAk%$d,7TE:0\"٨K͠716\n@ŦrѭT9HǶ\'B<J.F6@TFoYpP10oiw;J$p]KpeO˼i2F;Za]XYAvB%\0lSI\0\ZH{Ђv3HC\ZAmYʵUD֊4w|\0*&Cΰ|8dy&Ƹ!G{\0H\Zփ Z(ΆbSR >$jp2mjT<R8ƺnYBt\r a{D(āet}m^nce7GO=YME`\0z-\0pR	1t˳~\\tEa_wӨN\'#ky1tM\0 3`Cgq*\rea`Ri FE01Ϫ6@P\0LL48NbYۙoIy\"dyӳ}/yqbLRoFuCe&Y$=?Jn(<g/Qc!Ex,1$csH@doa.|}3n\03`&H,\'X.\ZkT.L8(Zw ҃kee06]gشY3@wѧIpB	p\"n2k>\r|@mDaUy/ҐJ8|0^-o	w2qp`k7?*i\"HwQ[ C*(~կ)>8Ѐ	ar;Lۇ	@ڀao{ZC&9R2CaSBa>0)e-s\n#^}\08\nyp!AN7QhՕ_+ !^V_?O 5LCs9siv!ߣOEu߯Fugo{J.C?*FVJ=9@#5A4	iࡃqM<pc`B@0y_ډp}g\ZTۤ)ٶE;g˻Y%T=`rG\0\nbj;\'aHvT4daT#ie׊R!I \ncS\n@KPJU\rJQR	{P%3ů.`f.rim~2\\0㌐v\0yםw\'U9OZ7DAg	:|oy~levH(A+}a\r8pR[	@$qr0{\\8Hp9up	A3ۚYא8D5zN;y!\'~V^yՕp`;ayxY\rH]|Cb_gb^LhS]gAΥ]jN߭:xV1!\0w\\\0_tFVD!+Ө\\#</(t>e\"ѵMѭJf^œ2Xrx,N5#DغR{ƁA<jRE@>@w\Z;˱\\˫Gn~``oPUGD3p1v\ZU\r#@*XI\r≫=$!j_F\0̑:4ȵk@]\Z?h@WWPtf/(#͝}+nlL|9T.Aq7Y8AMg+*QkDVseDOr,\'TD0\\XL䥫_N?rv;HMJk_4yi*ƃTtZP;x߱\"Vf<\Z9kB突v|-M@y\'K^F$tcD4ilBa\rzW(!~?\\(*}u2c4lW$ƤGp(寔| @D=}_+qO o3/J3:	T9\"\n@\0ַ5r.t=T7ET6۞x:bUmyg@G?rّr-F|ఓU`b{M7#Ig=8v*g4rHL{.ڬ\ZV#u7{v%*&-g3lɔi1>m\0}{8BGd\'1\'uWcE]ap	L=tu:s,@iogU6c-I~ƘM-d#=?z~l:Rarԧ5`gxZ;D=1EWKc=AXʀ\Za=@d\0|Q?%*Ch瞖(qq׷\n0!Dy@s0EU\0ɬ*t\nӲX7t;\0xf/OR]F̏stp$esb\n`˭SYD[C!qX!;8\\nS8X>)=\\\0Af]-B/eOO\n(mw,\0	hu#|cPsH?pyCg>[q#A\0\\IJ,J˃ە-kXn/qJ\n6}CR6Y]BCGRAAœDz	=Y$)YՑuT#YёgVPIds-_@F`v&T2<p0+Km $D|\0Ѳ\\DA,u\\jn{K;V?(Jx p*6ºF@AɆCe3aLRcYʒYYb]vTPP?ȓA\rⰳ&y0GvM39DKPRs\0$!}qkn\ZwϚW]糺%;΍$@QAss*הoVYVZjiC\nz\"U	qI$޻{=^szzuݽ]2w~c~F2`Y;y~88KQY|YOTb[[hPNٻ]TZ[dJuioWA?Ghmŉ(Q<zó=uHyEÖq?krǴ?B;-fA;#?#!A\\ /SoFH3 \\hC\05\0e	Ғ*m3jGNqUûv5&s>4hi$\r*JsVax@ûD,\n2\'u??~3W=;fb\n{ѱ%ufyʬhce`(܋ess_|hrLj6`Op:49ϵ:)aΡ5BGg!(kJ#z\rfԜʣąmӆcv|j>\ZlbC;	9	gvyD[	+)[>HG`(K}!\\ο\0oٴ\r\Z\0oaY\Zu¸v@\rT2dxwٟԂq		w3%ɝG1=LEg߆\'A\r@\n*gO91?|?fu\"jcIAA(XsQŶ?EJQqAkV56{!/o33?\Z=|[Oߋ3jz!tY5D3Y&6**J<Jmid\\i<1lg+֪^52E(No(,;>!f	As\\2?gd*gHN)ק?~j蘧0W?rsVUQ2N/i>GQ&hM(\ZN!7ˢY\'Gէӟ`̗ ):H(1xY\0\0 \0IDATЯyӹlDa\ZN7F!: ߷!m·k]t#>fV8u(ޜL4%\'n:j$nb;vi\r,I-\'h@\0[r\Z:KE2<\"M/˭_i\0tcԙv#?HRYOf9N`X!/\00\\	s~ƓЉgz3OdIwW#I\rDө?ڒdFCCYq񬏓ob\'i*[37СuMo/ª(<\'q׃@^sg9Y/cJp2U֪a$O.yW; |Q͙o~#<1ŁS˜y6\ZiA~FR+gC\r]]^?\n+\'w;U2(\')8&^NCW&?~.>nYz9vX;:8l\nEѬLeK΃Q&rl^=\nrx\"JZ\nBЁH9\"N\nfLMeCrT+ UUj,Rf}-מo9\rS@t@6%Ka˾s?ZLLkemʺUǆ.!)\\~F[\n(^,QtmC<bLM;A#lם޻*MmE<@-?|}OJpm%_׏.AbJi=ǥ-!3տNF!gg>h_~s=$)fGou\\6f^C/D꼹ۊ4W-LoDJS\'L{RJ\nAKŇ̉F8\Z9	\rQ*d~~OG=)\n.Rͧb~.i.54dwz?n9}tliϷ.k2a.Y;96Q:`~bJ!H9DKSpa܏ sp/\'\r\'V}O>M؏\n\'sS/WI!CkERb|bꡎPr3:@ԁGcң0u^ǉ_ac\'\Z-}Sc`DtvBf70S#6* I_p2dE-U1\'\ZhaTwx5Q?B>˳Ϝ%v\0ܴqoyc?Яj$Az]V1<Ug{~LnIm%+~B&2aܻE,NL-9Dzw(oS\ZMqut.fj!\n䕫fG	ϾʳEeDԞ)\\kOy?CBMKQFAG_Q@){ab̔zϹ?;U9ok5翊Q\rP?1\n<nNuN>Ë_\'Tԏ|e\0M)zU(`=\ng~0^_~JC^\\#[݄\r0Cd#uGᘩݩU}K	g),FsϭA)wAMWQr{+l ,koG<G\\NvkKOa]1lihyi+#Y$JXI?2Tt/mqlJM>=м(+P.K<67OW?	aB`dP[\Z75r\ZH[pRveV.BKi8ԾP}1?glN~P~K[ϫ\Z3R\0XZˊe*77٫Y>o׮̀ᛉu>:oD܉:_àLi}	(kрܛ`w\ZxJ3\raAM0R ̯i&ϲ_ΕYkmQѦ;~/[Т+,d:\nr>Cy}=f4cZ~aJ3\rA@JdwVJG$BR,-8=jy/-VD-Do#\0CC ڥ~V67O]5[c:Fg#~\'\'̙ơ3r1r̿ɟ\\s=mKCa/#A30rmUx/gzP.gOg@ᄠ=SW*PPVL[D75Ӊ#ϗ2XX6}(\'pemƲI5j9o\'7B]+!WJSqFFahp>Y\"z_B|Bb\\39ZB\ZT8#@	~rCx4n^ٿ/G&s}f~~ma8~<9Ku7\r/W\0ZqiWr	R;Щ~޽\'zZ<=L0X4\\/eCzN4Ii3QkX`dQ1CLok62\"ߣU&~\ZpQiVK\r퀌^FT\nƒGXy,ϿӼu&\n/~JS^Uزtmod|\"45Ѣk1u$P$5No>Ь$9;-*H_Ŭbw;!咲@9N۞NP)hs	)̈j\"0SYVh[Gϕpu\"l1B]Fa5)˲~21\"s/b~BDǄayeԇ0Ҿ:C\"ПXW^	{cM{fie\0oگIӈI|8M4ϻ3yh\\dB}{A0Xif%}Z?AcOTbɢ1q~/r\\fΑ\ZzXL5)E$X:CRuD/Fi5\Zʲ3$7Vc$evKѺ_FreNѲzL8~\"_Ń\Z+3<=zij\\AǿպU\\\nr~z{!9Df2r|lJL\Z}kgzw}|\0A84\'s5\'[*__\ZzWLl{2/dmeٷ\'/)ĘDYrS,O;9ỷ:aMMg(n	.df&|,U,6sgFhM\r5j@2C>1pg\rnF\'|B3Ҧjm|W͙Sd>n;G PAAͩ00\0y緿s0ld9PAl8&|$j^gJr\reImGc$xzQ!$1VB\')Rv*g=\'lC\"1jz߳5N/RTEZLd\nRcIߠAʗoB/3̅P!0l~;EVŲpvQߚgM7T:w>~O9vv\r=rhHPL&0)XyE~/Qv)blB88iGWZB!cgŭiθ-+PB0_mڑlO}Xe֬X<uF=?s?bLt,髫pҰo 4NE+&\"!ƿV	Mm/(4$ÒT^4_Z93oHiB_{wQο[ɵ;@hԜ\'\\\n3Ψ@(pj?\nM~h=|&XcLww_Oi	\\<!>Exʜ*~_{E=K]RB;sa\0xI\'g^l*.{ЪeѢLљdOa{W⛸*92\r8l,Fe:0g.פHTi\r%i\\ĝnWk!b2]>sP|\\[pYjs~g~f&Es	{X@PCox71^i_.{vu&piFN(+\04q\'Rv(ƫ׋K)42&ĸ!uL!8|.d@!S1lDi$1jPNLs=s89}jLB>=\rs7\'~RQڞbB$N\\O,>0\'.<eu|N%Mvg;kK;\r(^3G)u0jK/,)sSj|(s?5V%fR͵g.bU!U{Zv{W*Pf6eD_6Ph1᲎gb&)Qm*È˖&oW.\"*)-GUщ|\n	>wo!NtJ &I׶FRۚ0ǉ-_UNd0DiDǽk֞8yق$h\0ӌ\"o~%8vu9^6F/n~+&HZVsf}߬$PwI]\"$4Xgd{*h>BCILgg)d3` _[b21\'.u5Ωy3g*PUBP9#~C$\'8.9q́QK$h+1wEQ\Zq%$I#w\n@_7f=*L6484ױ8FcK{|g˨Z.9GB<ph6U~%/\rl\\9\r/AC	vhǯv i-uA\Zyt2~aX:8n>~c\"4)baHZW⦵ckPnְX6V G	\'M&>-8RgϟLq)[T\'k~}j0[8DYrRZAw]Be&99=ǿbUxr$R9[ܷӧ+!/cS5a7̩tAmly2O`pkJ#\0?U8g}ZG	֏}Fuizj!νцC	:He}Z@xv>̶!ndՀz<upN7l;p TԠ`l*a5FoSS>M4Ia&\'bwgeNFamNf)B![$y	)Ox%&݌{Nޏ(ߺyp˅5<MG櫶\r7~BuPZt\Zk&|ߺ0ݬρ/vHa6z̡vW1WtQ,N=YNzE!M@mo}S06ZW;|s[[7鍫o@=A leC\'C>Wf\0@eP뒟Ri4(,jUٵ.9z   cy?^<,kLnrӤ\nߚ(YvBej( \"9	\'9ZoLi]2HK]OkF%N<͟5}nw;.kO9\nkחO|G>&y\\e^m0<_@9*MxDyNs\Z	:1\0&egFtRf2~m(,>5N{Sm 2\'Bh12~;^`rDц@aF	eՆ{LnLBJ*<<<q4ҶA\Z0y`&({;so:3>̱:4f}[%3h>O;N\ZlD~n֗!<h$`x`Ma֚z@^ttJ49j= Z-f~t|@ceгőI+W%$s;k[hi掟xԞLݻ|Aj޳QYV4|~-<}A\0k038/4^/u 1ͱIAk*߈r2](*g/& ,|5I%LpOyv/\Zy:TM\Z7j;<cH~O>~\\nn sfɲ?W;10a aԶ؜X1X634O򽀤|Q	mXyb\'i]F0<pE\'˯,ȇWaR[)0nKuX~	屨YFm̲Uiu9-8q[8ozyFNmD$GBLeΤ+K̆vz\0	fgb4%\'.@c@ 0o*-A!J+]ū˹Zg3$,L@9K,DT׳\ruyY2S/Kf\\@nGmųv<b5XcB~u3Gfg)<.>ax̛e;SȜ.}G\Z.WSOXʢu6j,}ϋрk? c\rf=2pR-!eˍhL[;qRsn!Hqnɖs$\'Mk!aP1@Io>oU.pfYYp҂<?ͣɘbk?ii>#c@sϗu_u[<w|qPMMօ`gsBSf=y]VMK=0YPLe_U8WE\0$?LoXS8vkr0iӳ+( ?\n)܊1y͗.i\'cj,Ͻ͏u8T.Yvwe]D15SN_Cu<<#fYH;_s˶>d|\ZNQZ{Ywp<m|?Y\"nM3%a\ZB3񳸶y10^~HA	8Z\Zֿ	sUЅouWC`Řy@LhZw6ڥ:x7}z>^n>ծG,ZkbK/G8yT?ҀawXn\r??ƺFi{ךV	ڡXx,5rnIJh&Yl!Wrk=369}91MP, 61_FC@|5 j&J+QHs9d4:L>H(D3ze(,,0]ukflBbl[ˈue˦jo|W9J#f9[Mcs<7qE/$}g2:xrrzg>~%%(2?3-R4:}MSԅ`ey[\Z;9b6|.CUR~q\'**Lt3(EP@N^r*^m,Y߻EP\'Z)%P1N|zޓ\r\'\rF7_LonXM\"2^3}*/Ǻx&q*37M}w u?	o3fb.1T»22Wy>,ͥ^[G!ZI/;͉P>O})ܝ^hWO~b}.sɧf&n!#dwK\"}LsB6mk+g<1H/!!k7ZYq,SqZT\' <&<4,P.JS¼;7bd^\0孰`o^epf*zL`-aePOk<9hXkvʮLykϛYj~Jqo8NU\'	ȼZ>k@o8,<s42Md\0\0 \0IDAT\Z9+яrM*(i9K3vqk9mQ\Z$L.t\"}@R#ly}]F!Sx==}6=\Z$3%Nc31A95F6~ʲ\'S4{Yk2O7DsHD$5}	d-<\'#Mx\'gPԚ{SifFb\rc7S}9.itiE@[g~\rs>k+I1|CLZMxLZOLxG=+)nvNm cwNy9$unSWSEL&ft04V5!<c~&$>\Zʃh5&\0\Z	s-62;<DUP&MPaRa$!D9ɨ$>NtLA|W^  P+Ԟ\'߃gF>{Y]n:.1@OϚЂ00F0nz~~}@(@\"N3~<2k1ۑ\\Y?ޛB(=$`hOl-Iњ{S\0mGt+\ZlrV36y^HU!W\0\'#LUe:bLQ.9g\"Ր\Zis8A@5\r+UDeˇH`6+`q7\0h4S-݃/aT,I^z!~n7	[R5oEPʚNC+A\'j\'kAN0GZkޭWZ2^ \\Ep?L7|kQI&A[2ժ-CiȜWu*%./wY٬H\Z>T׊\0;I;-e	p)Wkח?(]` GZ	_N\0*paL(NN^KmUHa߰X}HH3(da(Č;ߕ=5g$wHx6ׅ:&d犨%x)g4,/A]\nOX\rtl6|׾}9W<¿\0D~Le /W7^^*yű۾{jSi[Va]g\rIO=}yj4_͗y^愽lJu\'p)0Mp_ccdDL&M5;7K<\":i@yꃗDd<:QUbwy}:+͗n^xP5Ws0\'IUlyѝW2_ֵcU\"A0<G0:zE +:U<(5Mjz\\v\0vSUK*9agv\"P<qmw	=X@:P/Gy쪍zh0/?#?r!123X\"Zwtʇ\0Wj\'}/}gC)MX!RèxLH@TkҘĽ\\Iu~ꙧui4̡Z40ϫ6xߏ.	:	sexP&pg/ƚM0;@~_=(2s\r\r@?$f͇g۪iD[T*aB3=t\r}^i{MZ2<Z\naBu *g{W,)\r)3DlHQǹ&PśLjI%\'Xh/\"ө:p\0Um\0/~~y_b~z\0/\\\Z}WhֳWn^ũ}eZ	A>Z߾V>F/K^$t:5\n\'lq£\Z3?cq#~{2s8vJ3Igуl\'P	l%\rXԻ2QI}VDr0\n`_$0KD\ro\\}$*ĨpzM֏(:=B%3m\0ͷ .lez񥵖emz?=A2lr\0`	5z3k4׼݆3X{e\r}tTNQW%	\Z$!T3eh#?5D9I3:\Zk7XSG\n!FndM(CuX cj̆=\Z\Z\',2	<*1`ru.p7ZX3t`.T}i$,ySȵs9Sm7ڧjU\r̩ZNULieNgp\'rb\"Skg?\nQ{A~U9z[ŞK^&KK\'L| >[^Op%6:&iRʔ//2\'~qt$K\'Se\rﶲY6B5+AМV>\ZZA§NxBQ\'i7\0;Q\\6fLR1F	YZ\ZU,j`SpŤiy׫ݨgȏnVN8;oʽ{z,dU/4LB%3c\'[WGZ!-O5u^g:yvLݚOa3Nat럜t=vpvP`zÔ}5cf1^]ySeC*(lUGeVRiGNL֩0UlhsA L\'._S:iuPTGQi,D;~q`\ZVٹ7f&dBAC\'S2,10u`|\Z|\'#/|a翰|ӟY>\0:[h\\qh03Gp#SJF&^q\n7		ƑjWMbzB=u}Mٰl\'vm*R!6r}(#P),.+g>M*1v{N؞_3J?ۜ]M;HYȻ0roYJkϜ\n{4so	3cN\\%.x55mN*wG8L\Z,Xk:`XW&\ZLcנH\0Cg6_k&\'%d\Z<OF+r%j2=L%+JZ1j_;9D]|bJD4y}D#K\Z۷۹l? SmNa-4,-aCxrheZր,Q\\ǰ_f)rua\naBLQQ9/|͙gɑ(no}\0U]N[A\'>g;֞?ÏR`MOx_A`>@]ww}c_~a+!\n.\"Cgf2=֚GPVy[Ƽ\0aVdٳlD IIk!B8c\nњ\Ẕ̉|38BOsSډLhB7R\'\r-2{UeV_ˊe%a	07`Z,]#ϽfyV%A[I93q]3[S>\\4;H(:!Z#&̻\'0r:d_9()zSprń2A(p<!\"o*5bQ`3f}i\'	¦89j%\\\"$2\rv#1\ZV`&yrs0ic4W:cUݨuz&d@N&KMkلxkm.tYKǄ5fVF\rD*T۵||?	g/\'\\@M<4N;ݯf-IB@)PS.NQ$<&\"<NYS$PhD=*\"Jm@<굳l\"@UWe9		<d\\1HQmYcvtjN4cW3ID=h)ql7\ndMu2VҺJbL0{VtC;z O%di z$lWLi4NT%50!Y듞}fM!8]O\'Iݎ\nlg&nN N6@@Aab&3d5Mcn`?[?gM9q5ODP^jN9BBLoϼgZX5ڇ9[h9U:oA6\Z}[Etlyl&n>5X˿U~Q>oEv-ZV=9h[f14e}P6s3(c.Ch5o!Vc\'g~1$>rZؗ0W@mdl>2?,οw5D9\rI12_5>0[8lsPJ91(>G㮆L7;OErgf3.mkP)[sFuK]3\0h¤ӾSt1I6ӧaٴ)4g7աCo̟p@@vES%rܙs\09=[x<\"Fv͗\ZEєUy{Ik<1@٘ܚ\"rB2loẠv 0H6vR;f^\\&&N\Z}Ki^	mwf5~B=*WeʖMC}߳֎bE\\w&M~mlϯE3!P>kW` W=[Ԅ,R{MM&Χ.QBk0sVQxٜKFn!0|Ijq:ׯgr\"Ka4(ϥ\'p\r6j%-V\"@A`\Z3s*-t?pZ|#*ݍQYfEXk!ṔݟCIU&bM5qw\r(&ht\Z6̵cZA\'$RWY6Q6fUr&NVv9q)S϶\'=7Ùaźdb7^>(hu1<	\Zz$LDH{N&y~KwoZ0qP<a?knd>Xd\"Q!wzX*cXa`sD҉Vq@k\"\nY~fͬ-CTNZkMF[ETrmN;v6b	-.4z<&9g4	U7Ph­h]_sg 	wBlfLhAю4¼YU3N[,Tlg1\\{P3$_ha{L3o&vާ}T6`\nPͅPQ̱N|5~ZwnB=фl=Z/z1yp,uuNmL^b\r0Ԝ)B{0HUV\\\'GB5Yć0bB4OV	79oX-LM5o]LV-ԭ!߯kv>ݯXEה<3`${fCB&&oCQ<SZFa,\\h:ngP)l	O2i>րDdX+ANd\n1}/de*G.\ZՖnpꆓ2Q\Z6\'(DE%Ҙ-	+-:X8إ ?D`N4\n2<<Q	ZPki~!-3_:^DEwXQPp\'gJ2g|\rgceh.Bkg\ZۉYyQ\n{ڏ(*T/mBe#){δs@ES~ʈ%JiBְ5{/o=%`яG7E	ZO\Z^K U<U6lί@N\Ztfɜ}gNN%L@awKa	N9D BVWrX[&\"P\"\"dB;uh-cYE<MdW\\d}-?2!T2+22;K7SNyV\'^ҙ|[Nj\0~\n$4`4K6*:X(Xce\r;4;O˫&;}=s?4hZMJ	Ri\'_Qgo_\'a`m.!-#Ч?H><\ri5(mI7!CIHZX7uC}pJͧhy\"\"Ĵ߰KyC¨Z˦ڟlBN*\ZP_dD_Z`=}7Hc1sTF:Vd߰r2܄VdV_I3uzen6PJ$Ë	iO7(Hf%U-$,-kMc]>0\Z(ӻg`!ǓۗgwZN\'?F٤e XXw6ՆN _URBB NLTesLfbDu| Gآ	\0B(!aH hB6<MinUC{=tcS2}uͽi|!~9agfSY4h56S&e?4L:֬2y& QNcU>B!vp¼=KK\r>arBL<_/Z3$1_v}M/sjbhmCOGl /O@!GVg\'1iO7:r^uS@p:b5	$_5mB3JT?5:$\nbHlޝKk9;9jU{3o\'G0C=sYW(4m#-^ߒ9\Z1K^{OW&c7S8cVuT/2PM\r%GuџkBW2\ZS^Y]\\kw.?޳\nU\0l\ZiVyLg6	(LQh5~t:NEx256jerNʢ$GOSs$L00)bWڗehvn$2,;s5JY\'yӤrRrJqIN5:UķetpQ$!VW_)\"o3b2p\0&_~9_k<s@>w`!p}׮梃N\'Sy\nrf\"dYȇ?xNVh0p	NSa`.L\\Q!İj?mhEkɼo9뒇HW[vt+Ek\Z7V `I(ݼiTkѧ\\ON>\nx6L_+\Z^SXM^\\~я|BeVcl<h->?M;!p5lnHM!O}s_ZFf8٭\Z:/mD_|sϖ#xK8=Lv/粝UWcS1ȁE}\04Nn\'\nYB1)U!\'2rPeX)7!r3mEiW}hV-ӏGkѡ`Bᐹiӄqf{I3zC\'|Na\ZI+v1n\0yV5d.ǹ,$guk?g -v[5qʂ0B-g*XtԀlo{\\`n.#-zQy.ڨT~Dk(3iAdh5M޷fV\\^םKލ0Yo/	hnr =Dʄ$+gnNzu|ڀL¿ω7qe	KPVм̙9*!QD-mnHm-LX$}zOFִ맵L\rM8y%knY	s.t}v47\rLeXa:\nKڢ>D	cgF,qJBN<Ugb\0\0 \0IDAT7j%.aNEG7kk;\'g*be#ej!1L\0,)D>D0%x	`	Q<g\"Pi)~L4|-EҢ̿RP\ZcywI;uwNwa٘m/?̖3RfpYftv4mC!;	;ALMeл3}6Eނvk9.I\ZkQxX˔ 00U{8:l:UWEVAs0S0ʹY½釨dͩrSfG}6Gӄk/BWȱ|zԌNXNN^\'Vz%}(0wzcT\'[{\\\nWTR\rWar{%arQgMP\\N9ei*|yh>Vf\Z\\Bv)P\ZƀQ	[\0(rJf	6Gef&`hykXK귿98Ke\'AQ̲\\\Z]éw	Ʋl+<0fE-j8W}B9X{rr\'&\'XӜ|֋PN6,|Ri|cYb#.>LtSKYF@[ZIh\0`:̕gJYM̛v3G]<,oħY`Tڅ(DG6nR0\r_KfsWQu-\'TJRknUj^0~\"D`v{7fcC-23It;HV}83lX4@.s]\ZhB>0Fpf}rs6O9(AO=_ZX4%Hz\"tV#6!Qw]ȵa)8\'.\r?+阐\'e<9Q3\Z@ǈ)I5\Z_FAeX}uZPWjhV]zPou#Tj{Qk߉ۈ	cF܎sf9B-X\'d&\'!GgNQ׬*D8zOgB)H}?\\jWhaq}k!Rr]G `}J6,Ӛ)}ղd:!â^Ie0;rX2]׾~7|Yѵg.8UȃO@;]hD0v)fg>P3@8o?6Uox~ӞwRo-@s 1Qs Ha\"l]zxfѲ\00Z<C\Z{Yљy<3)xGP:R\'4fr[rm<)=ա\\a\n,푽9#%Gqmt؏\Z{gmtK<:y9\'*wlPu\r(yMg7,$V\\-XGC.*6z\ZP\rw\ZD=¹8]W8O͗0YZ@h |;/[AFh53\'v,=$1\'%?ϷR>CNĘ=f6ifVL 6aJBS*h	Kl=1|Ox۳okU&%0{ւ\0kMKaI==+NG>j&+XL-֜2V\ZJ|0e¾ug	ˇ]{c)PTsNΓ]FGNR+u(Xh17bE$|\'!3Ajei+|Nk#	LJA\"4܏I)GQtt\Zό(,[.DشҾJ՟m!Va24c@G13?3O`G2d^[	ʹ%}yfanNU?GMz\0	=ɲ>ͿQ7r=	CԵS[\rC°yl46匴y^tY1MKG,$i#9$\n8i3IZ!XB³ `S	*i;I-kaF&1VNܐ5f+e{0`U]rzx\nA\'\r Qn	#(\0It%QeN6$UBIM܊Ƹwh!$d<E9mi*g=jAIQ?ޝ2~fVHQ\rMƠu\\6&蘳BgEDˈj\\(UvJQC\"J/$Y\'jAez!J꒻͠K\\֡U_r#͜Eh|iB%ak5ee^Ll9bE\ZF{>~3olr]\0|-hO+s2y[x[LJrXiB`\"}gSN! ح&jl-m~fk3d5wMu4;1R֞yjd~ u8)0bl&ֳ%|A%u篩Fۏ%LD*AjHu *,l뻭Ht\0FQlŎ4OwC׎ui̚ =	\Zd<zq]4i%eZ_3&Iq\ZOD9Dv8\'5?l!\0YU&ҬdyY\'	vI9;Q#tN8r:4\":3½BFO	^[ԣ\n\nJB{&4qi隝^-1Q	<#2<\'j/[Ɇ#8mz	\'C-WE`Ma&!X=}-	\'F8C3#<̜mLʞਖ~#\0d6t9vGeA&qm$gkjfndF\'#4-/%QvnQH	\\	8M-[.HeiFBy5oa.\n/G(prR&эrc֧=M|[^AcoZmP+6\rym+FL}W}TX+{\rٗS\0@Z`*!U!Zn4l´\\l%R	5I\"\"/Jl*!6K؍&q֣%b9\"}Ƴ-pMmـwWuslfQ!<_-ͲgVi团2`JsnimmyV=u\"{|ֻfY[/]Jɋ*W%?ԈH>[RB5sX)B4#Ox,}(ӡKDc$+E~8A8a{P%cܯS{\nqYIqռNkĊӊ\\p@|_h$L\0[p6J\'ʹs}).GB#w߉4-LYZ}uRi5ACmzOY6NSsA0i`($역aeKA^W,eOH[a8o]k;OAmUoݴY\r\r\"γhv!{gmām4bb	/S	CgшЮ3\\YX;)k[o]kTf-lZKraiq1MQiU%I8ӤqL=۪b7Kֽi&j_v~3{xLr?^m_uw/$[NR{V>q\" q0I[kO7G_f{zg߳민ky޾<}!cΜh ||IW.P.,0g8Rf3Im~Ν	J~3S䥈a8\'_\'S5 ٻ rm߫\'άUJ%9G[N3*o=]zzܼ4)8O\Z[gA\\8<aZb95#9f9d\ni+TbTĜ˦/3RJKdrx/\r3H>MKK1Ox}c=/x,\Z\\6=5`COWG/>!tA,<]q喅*쾵_j/\0ȏ@/&&}̫3aErCnB5[P3z\rS#\nD938wI5f9W|εlUC,%@~\Zs9]e}yZ	20MlI#ߑ)A}8G}0kq:\\?@D}9Ϲ\r\\AP=#ZrZ+,9kEI dbZ J;h=Z=g+OU\Zp)<dΓ	X+\nO-/quؐX[yݠfmZK^O<\'K;J\\\nTk戛}ZO	3%Wfdp/KSֵ9ecE׬z!KD4(P2[e|waVmл9ZY5)A0yoysC\rd`zr(X4awKS9\Z:R닢@k߲:U䔟şi7DΠVs]AgDpVn\r#e[n[>.IpW&PRw?rv7PKm2+f3T~ٗ~զԑ[[OVPVb\Z%\0B^e)3Dŧ|)$/yY\"%|y}toА>oQPƟqW#1>Щgkr2\Zl\\6?Z{,?o|\'֌hj՚/i}SZQE^<[c|K4ډk\Z *ik^ˎmִ7Nmoљo{9M	S`}byu<(7G%[9hȏw\ZCCqRX(@p8u1fڈRx{{0;	.RĠ%P46HԬ)0͓Pb|=w8Փ N̼ψA!BDt\nh:LBA+؃_fNv9v5CVʚg&r_\nXeoaf;߹\nM+:2MNٷz_O%gJLz>S3O00%9]͞EU*q >V_\03kQ:rvܝ;pOGӱ|uu4Wg]xa}ꝲG1Gjݵ]JNZ1+bil$yL#3GI/P8\0)ݬq:[w\\Q\06DNhԷ6&2E͓֢޷||:A(WAfL9VoxǙڼv)gekoD(wcY˵¹\r&KHlŉi6bdq=tNjL9	VK/N~W-#3F;\"LqZY4ݚRvxzg%-*;eo/ƹ	o%iJsdڈBE9ߘ*qQ@j9C<6Rص7N=.{D+\07iZ[~9R\\pQvj}}+\Z,7F32Gwp?#~2So@]6Z	CyoߜߴN__X>:2wݣ2.\"m/M×IFnx7Nq`.ѾWyz#\ru=݁!,Eh5?]/]tWP ͤ:/*d=*q81f$:#EH30~ЈHVXmRyD\'G}o)%ox\rS@ d=C𑄧54QirڙҳL23JO޸v|YGTٕPK\'1$%;\rp+Uy?O,5T9O57\nY[>On5\rLw^#6r;t\\\0B9=\'gǱu7a<Wx:ck^ƕ	R̄j!1FAUͲWc.\0\0 *xgKG8aeSHn\Z¥$rD0i?a¦%zBH̕Rï6&CH*,DO^[mqb\nM#30\"b ]_(5*f.<z#P%+,g__\0fsZGņ:ZҸv\0Q^~[נЭ\Z;wRM{Cw/Y\Z\r&?Jxd65__ҫ*ƕk(%F\\J8y*q\' sGT?{H1\ZA߬)*$Sy#	/_NY7\"1*&ru:U#FP12b\r^;9\0/̔Y\\*{Skoy?\\/$B5H0wN^wf\'~+eE9`-MMkDkkQ.k_BKA]Ag>?C͢aFL{c;g{!/d|\r^c5q=o`9L?ֱj7ELX8LY[ܜcLa<v&ecmoUtBs$=鯘u;6 uglVyUs;\0ީ́i-Ao:9(Ӑ7\'Tfo>Tb*̈́Z6gD+bC+i͍6wGf{U7Oe(6Ps<	ˀܘ7qy2h1JPg♵⠩e<RX\'\\9Yպٖ\\/cZOj$P9Y/Xƚ9M)<f䷫(GlgYV\\E]~Y\0Ո7Ah14Ǽ\'O+bУgPC(sϪQAUk&	-\'5\"|Fdc0\n)ӳ#10<R	|+^=dN1]ʋaʈY7{\0N_|ygSas\ZiU\" n8,}/p>yd/xf.JZ^/a<\ZʌleB\0B\rOx0	5*bQ=ʲ	{U`x섽ɬe<`*<pon4HB0*.F#90]0S}ʹ+bX	M`e3IN|(Vp*|44L\\LFӰ,٢RcYIr֕ZˆJX:~ULKXAv|<HnG!s,Ss`A}\'-^qvLA}楆*XlUر\Z\" UXiE.*`L8䘹%U*kHxp1<Qɘ{)=+3*<3k>7C~Tvjԥ10k^aa~\\:YU1QGARL]%܃L9yn\Z_U8k+pk~85{5KIn7~u )yLwӸzтPw=tj\rgZ!tAjahnLK@T%\'M<X}s3ެ>@9ЦD6`څ+c*D; 40\nk~|*zoBimbP*v=\Zu&\0~#FO[|[eCp̈́i޳aB\nj=oZʇS?mӾ~Jz\ro=+@֍V u>Xiyvq1^ަ-B`לk&g\0\0 \0IDAT<~22.KL<l_LZ,pZbB}\\Gbjū85CNB3VoD0eΑUHj}f+yթGkxTouD7Z|is\'-#3ڲDs8	4L	rJF v\'|}9:ni\r\"4@;oM҃0we)Uoʳ0i\\=XY<:ON1s/sލP8N8@ok7wkƮE4Mur\\V8`ieӳFȊ0P	gph4ӯ`1S5ĩ~6IY\Zvy	Eif)|lnEi5|\0|J%[\\\nUY!펠p\rB+Gqe	V8%2!\rALSZzTToBI[z0%~\\5T1+jv\nՄ[%F{0z&ZdEAF*cyA,ChpPX0\0gP\r\0gшToZ6eIBG4zWU*s_r>.2&X5HDT[6%ab$g#bBy6g峙_80-M{OE%R	jZTBY|p\\!\\eO\\8&-z)z]P)7d0Sn3w3UP,5@֜iN/<,qa;E,dn?8}YR#Jw,GD6C03:n]6F-a:\Zj_~L-.l3\Za̽IX\"36Z*Oaݨֵ4PҠdt~gHxSz)T@B׊K1=ã	W]I¶vV۾Mh$СFZqY2\rbUB<aРk`3R[Y̝ぇ2LCD\\~z/^AxԈLSDƜ\06\"Ed!	P4#M0vm2P\r Z}sJa Daw}nXucic\"!딯?M=kf/\"CP]B	4ծWJ\nzfnP:tIyYϳsy<ku<ߒFgcM\\tE4̙W2}6\nq|Z=\"4	izKoˇÓ[՚<5sgDb^C\"\ZaVB/~K/YIPRPd25imHgr۾vcF3 C\rUb4c4/H|QH\r	?3!-XaDv<Z9]sWSu>9{!4ë\0rkQVT]\\ۥ$*L^*\neŸ3j8_qyv+цJ]N\\f vr!laAׯN6و\0mah%<:b4\00ga XWiv\\My=s&߰Fa9uʊxBs<9U~?t\0;Jh]i	e!!\ZlClMaxihUWC\\5twH&Nl*҃	G]=No=5X{ZެRǯmRN6щ̼xUdtFxa9S&Iaɔ?d6+{%~	Jv;|k]O;aw\'<u9߲9yk:oS^>GYHNipe[9F5VBvq,pgA\Z\"R9?nA^ŨK!k]ͳsU([τkaVͶCe?HⰪ_M<O)/L!B8KGXS{Ipjh)rِ4	_fə;,y*v5o]ۗ;0Lr_\Z^OOr\'r;/	/l^d\\#+l퉽> 4ojxfݫcxw]\Z5U=CdM$ͳ98t<JMH^:No]~s]sMS~u	̛NR1`ͦxrVb.5Q/)˶4Pڽ?ʡHs9u?ws2.l=~d0Ĕ-rueZC!v*_1	SvͿ2WkXo~C/{TЬg=8eg|;ia1:^.덛+:^Ew\07:Ga\ZCq4kOײ<\'Oݚ(3eGyONݲ:OþpW\nlJ{phKְ޵^9imh!65k^jL [g=O+	VtNKh`\\Roט/_cٴ\0|ttsD]deJД<W9 &WMaS!$_<L$\\4\'Bf!W&k#MNr\"M_{E=w\'x,|(IAUgUEEѩ(䇠O+zer\"B+ųϮ\'S0}׮s_~qO:pljUC7AXx~B9s?Z\\0-wQ$`	l\n_s˵.CP53B(WXhȾ۲w/Ex3PܾrVMDݨY/w\'֎H5Ou\ZȸZG?ѵ(XAZuߢR/S\0\n)ls\nW?#\ZellBɆ	!>y8gfěSք]p\n\rO*X%KQIǧ!\"h;KQJkk8V_`!:\'~GYǸ-O&̓#}[y:h7^ؚ?u5\0i|%1yӌݠc\ri(%ǩli9[<ٰ>DkFwJ?aA<CL-bK+̟(\ZMMKr]B\\SWaYo6oZw!2L,Z	Eh\0ZO_NS;oʉGXsʖQ\\xwB_kG}\0~V)ܵSyݼt~l9MYm-Vd<3ITMLxԣ*Ѿ~JoW0Urm#\"&4~W/\ZjqE}0>L4427V_	T*JHҾi-HP:HM 8黲9	UJ*fٴ\n	\rEEX:|\n|!zqpCS9\rr7Yb=鏣xY\0ZƳviz/Ù!{Y9&vM%\0WWn$[.[V\0BB:X\"bXb4hAPH/2i[fR;`b|emk|tZp\r-Oi3ܷ(̱yr(uޫ\nPm2NO&ǲjA,,_&_$/\00Nǽ	4!BkRܵD۱S*EsoXc;i\\mlX3p^wZ:U\\ҘC\'HX\"b01:l)oVgR~V3G8Ŗ\"l\"I	p,DP^a\nx>OPK|zg`I+~ys7C۳lҒ3ws^HF]H}#gunͳ@_S}ԣ!Wa0a2xZLrfT!HarVJ=0רMյ\nҿk5jiEff|/5o0gլ\0	0Z=\n%3ahBPW&]M͖c0|cpr~-wFnv^F3!K\n{W&#Թ*¶Rcid沔G=fVaa&gMq3I+ҕy)9}	\n 1LXe\02BNsBՉdG\\d\"3!Y:zjzj3sº~^/\ne%8ǵ	>ڔ#!6	(4PP雉H8ֈg\Z#;^8hEoe2>c_%\0:ոOF{>?U)]Q+(\"6		9bAQJ|	ѤlV+\"btL]?\'r~`ϝp2W*&BKp̸38]ڜn\ra4#+\0	<S2BS#Bl$2Yi[|4ٟ*|nu)y1\'h\\?67vm/&}\rr%dyZ6cǰq\"@XH%ĺK#\0$hd`UTڡ@-/e.aagdaR&ġ;M#!E譣{O}{ݳ.[	@r+Cn2(]^jcw<&LL;0DsHw?ۣ*&nyMo>X&LN߹#Wضo{e	\r	,0\"\'lǊ\n\"!hԼ)3T5Q!ŤE5_r\rx5IX$0\\=o\'h0;	D\0LTɃVPsYw6P6\'ljh{TJ\Z;vv?Z`stHvvݫEg>1Է~۷.?~s~NܛjDcw	D8*.e>\"j0l]Q\Z<Fщ\0Oq0Ӌ/)hN\'?ӄ #X\r|Ke,u8/2}rF~|W\'h3O13aBO\Z1CxiIG=\Z?C?MhiK~Ӊ;ͱEi-36ҁ.1aU0^?ooCLNr%0^6!<MF-]B zRwPs\n#l(p8.DWCp~1iBǡZʲaVR~KIJe$nၸ#?U.G\'O9a&bRЙpmTM\"	\'Tְ߄a+2ueL4cm\'\Z6mh{u(y˒VhlP  hHazMvS1[[~HMa$02\nVDC\0kE$@N+ 9i+QZ%lTk\"j<%\rzgrtOφX\Zȉ	*f43C\\i|ID36xNX(Vl:\'\\3H:]\nHc=	2σ4CgUoLr\\\r󃅂ѕNsJJ\"0V{q<v6CFi!טjXup=m̑w{0 7ڋ\re,p97`◾Q}Zǩwϓ`\r<GǞ6@3ѷH*!f	cw5K%-*]n\ra˴:ok^+Y<u7I[ϣ̝|&{\\A(e	ldyV6X(iXX5јzt sV44B~0\'a~s99)\0LB;G.eiʏiHKW0DD^\'=LvPfO֏F?	\0\r`Y.dN;5D0+y*kUpPgcbXg-*qӣStxhcn?}{8|4w8a^@1؈+N,:vH;.Ǥ&Ue`^n\\%FŤ\"ELb\\)(\\CP+v6s\Z>JŤ)7nij~{g]	$%8qk=i.&lke|X68afgn/iqJ~P;I֑|vUw\Zɢ1\ZJwhPǕ7kk?X*N60*\rc2veB:-:!A+ H\"4TR[{g\\O]\'3CCY6lڈ0VdH8C\0v\\۲(.Az޸؎+rQ홑ZnJ<\'Kcy_-t쳣ٓ _`175HJ$2ZgsU|\ZQ\nQZBBdıBѤՊ7#R65\'{E@4NL[Y\0PX{}{v88\nl{,,m=ҜPFV8٬6RMC[$3!3%fK*Č]뗘u,{/@b2 :u)ɏ}Njw̩jF\0&Siw4mD3)2>\ZjK$?[o#=K>@d>8U߮k|IΗ&l~Ojj\'S}QyF\'?<L`\"5?ã\0&u!GEƇ\ZAB&\'-۷\"l_AZ³&ecP4qdn|bNj(>j2#YwwwՌX/԰jLi\0LЪxF0#۳ws*oMݓ?qtq:l+V4YrU\ree\rF^mbV.ͦ<ϢvGćڇ\\|䈽&`硁&O~b:f8Ke	\n(@<lb7^A˺M)h:j#Z8uñ!\0>92g1!0Ɍй3\rML7feqkx44U&v)Ytb\'$Z({5Gү$j^bM<# boe֐7?F{v	)i\ZI1gݱk3ѷxٳ5}6jf1k:VgTL*97uC>Yk#H\\(\Z\n0@Qcz77$x|H\"Er;51	\ZVǣτ&]1|gc	N5X_a\0xq8$y4,XCMI>Af&b%>);_sasH!Gj-2_Y|Dk5vS4|&re3 \\Up1\'&O3(?>>\nlUZ\'fsȂU{	g<eDv>o# |ˢȵܐql=\rZ9.9аwMΏc!ٲjemC>U!?\rmhsjch(ݴ[\"J.BnW~ VNuNnodJ)X\0gyxx> .TpJ\0luitfK01-ò$\nBi`.i\\Jpׁϡ6TBMq^s4b~noo<HWvdMՃIȔۧ:?x]56`8qJkEgqY|Kc\r9O;SdrTlo\0o0\"󞶌,HԄē\0^О%\nu@}LڰC}Ày\0\0\0IDAT3qA5\0Yl*_\03(J#0 |d*CJ0	}%hWMMc%6#prxAD$>`78\']e0WPik`/	}\rf\0\0\0\0IENDB`'),
(14,2,'cr7','7','cringe','bicho@cr7.com','1463ccd2104eeb36769180b8a0c86bb6',NULL,1,''),
(15,1,'kaos','37','cringe','kaos@kaos.com','be1232fb0b27349ae4334d275038ff6f',4,1,'\0JFIF\0\0\0\0\0\0\0@Exif\0\0II*\0\0\0\0\0\0\0\0\0\0\0\0i\0\0\0\0&\0\0\0\0\0\0\0\0\0\0\0\0\0\0\0\0\0\0\0\0C\0	\n\n			\n\n		\r\r\n\0C	\0\0\0\0\0\0\0\0\0\0\0\0\0\0\0\0\0\Z\0\0\0\0\0\0\0\0\0\0\0\0\0\0w;0$YV\\͓@cGI%a6wwYt\0B*1\0\0\0\0\0\0kE\0;.)3zy}/ҡ(\0\0%\0\0^\\{K:H̙i=eܾͪh\0V\"\0\0\0\0\0\0\0\0Pw7kg`\0(\0OgUaZv<j#ݸpv!Z\0\0\0\0\0\0\0\0\0\0P\"DX	Yvٜ<~>Oa4\0@%\0\0_lNMw-j֟?hRV%A@\0\0\0\0\0\0\0\0\0\0\0\0\0V	,x3gzT%\0@?>tFɳY׾zu@r\\zϪƍ6z:bF\0\0\0\0\0\0\0\n\0\0\0\0\0\0\0B+-!Ԯ4\\uAr\0J\0||[-i[Z\rMntjh3Ҍo~SD\0\0\0\0\0\0\0\0\0\0\0\0\0\0\0\0\0ZjISC~wMD\0(W%f/.N7=\"\0\0\0\0\0\0\0\0\0\0\0\0\0\0\0\0\0\r`@`R]d|\0|9uB\0P>61f8d:hH)*\0+,\0\0\0\0\0\0\0\0\0\0\0\0\0\0\0\0[@M4ϙx|FP\0+CovEHrjq=*%\0*.\0\0\0@@0\0\0P\0\0\0J\ne`Z˵mq@ә4!9fIoB\0\0 Z\0\0\0\0Ђ\0\0\0\0D\nU-E Hw:sϋ=BR؀y^Hn\n9zs\0J\0Z؀\0\0ţ\0\0\0P\0\nD@}_ybw	E@!~\0F$$ҔP@TS\0KT`\0!́e1`Qh\0\0jbs}aS	9PR7U?Ӈw\ri(\0\rbWj0F%[P\0\0C,Z,,\0\0	k*hj?C\0KOnTOGׇn3N\"VoZ\0bZE1}\0(0*\0(٦\07WY7\"\ZGZ=a^GN@[tŁB%\0pKE_`\"$V2Y@\0DIV%H*-RʤUu\Z\\yVf\0q|~Ii*_Aysޅ\n\0BX!-1m\0AB%Qm\0W*Y*+U57:uYsreu|% |嗮/w[5+nx:au*Y\0H$*\0\0J-KLE*@;K.yNYbX^\\t痁Bif\0~;eӫyu6r[HD\0\0Y`	$U$fZ(\0EkbP5D΍slgێt=kfu.:<<)*\0f\\tś=3=,\\c%mM+P\0R+VM\ni&`ӚQh\0	H/;-ی-%S1DV6k2fsg~\\˛P+eZw@@Uy<:\'qQ;6V*JT-!JP^ PEesxXN&B\\=.\n,\Z,Koz^td\\7\\x/ȭqXtu3Kp.uy)^lVt˨J*\'MY+!%3RoUavMuahۆt;Ugs~~cf\r\nl[޺}IݹF{Bj4Q5u\0TXB22͘K,K͝srxYr\ZBZu޵ǵx]eI	GUe;.mֱ\0o| iP-r2ܓA!\Z\0[y6\nZKG@\n\\֋+Y***lu;I1\'N\rQoVH)QLhT\"vJYr~o\0P\0Dz3gэH;:z[d64. Ww\Z#O%CNot5&iӏݭpđ܃AX!	`\ZWV3ݩzJ(vm6Ya.723^e Uf⮎BJ1ι<K.r|ھ˽zdtӬM^\0y\rrEُǊTBrc6w8c_,d̗dRVRU,Ƕn1]z>O.uKߜ!գ\0}wOIŁYj2I_!KVxGׇ[O\'oèyse;$FZ\0?я\\~\\MƮ{S$Ug>}Yo%Wl\nR᝸Sv_?g^nрp4;_g%ɞ,S׆/_C/C|2_\0ew3o6$@m	jck9˯߁8u]\r哇n^fېEv$dvg̝z\Z\ryvu!kj	4W_$}gy.>u쯂qut9iYeFHRt9ϧvl>^\0b\']1g\Z0y-Ddvcw=yw^(2e\0TZ$<~oAc|msuO`<=w-0RV\nU\\twY}Xi^oN|w~.lcRJޚ99n-a}xz\ry7^m%eR\\qq߯׍\0E͘/7L>)OMaګC7\\Moxxb%\nU|z9tyHRmsuLƾ7<^uzrlU&d^Fz2Rθz^^m׋F;\'\'wW1	`^9M<.>ӛOOǲr6T,\nw®<wH9y8z0g].\ZU]N7 VgBMF^wzsv0dט_-כDHMcŞ-@)ˍߎtٞxg~J{.12KuuEuVI#EX^&X(/k	p.0\\|ںj\0ܗ˯9m˥ӃT|k\nnzgƣ5Ξ2n:ۦho=-YZPd1^jiьrG:zNi3FI\\ޡ\0.in\0	j^TY\'7S;{b䝊XTKV3/[]L;3uzy|ې2Ξc>߂I\\pqFnf;	ss,[{y7V\\ o^Ex5)3Ϥ[:r8~^og6Wogus3^}|~ۯsgWXs[~jz;zmf\\7FyZrq;磌E0#5;%:qu#2ffRZ:t[@,\\T-;.e/zk~.gG:yfӛ)3:)jc3FrbnYES<=s{;qp6LQNzxcTǤپ\\ԾBk~zouA=].=L:uIpcHs^^wK4lˎ/NO)1b\\ScyS߫4[кnsb9)M<Jmh)yz./G4o3K˝8zqnuӿqguo+r$\\},\nI?R#Rz}|͐%5:|Ergʯ;{IYQ)BnIr޿N\Z54rMJ沭#7ߡӏS~g4 f;>M6J֍wP,@\nANZq9dRG\\w<^{-uؗN\\j<{?LR*,ƹnc]7xɝdi[r՝=sy`Sָ!(Z4{\0@׉<?U6xq[KK2S=N4\\1M]/+}nY&}ծkHqb0H/qdmelLhw-*#*B\0؆E\0j9,_5@F47ti\rw}O=0OC#ǜw%WSHjL{޾f@.uŦtL\\띦Jh#*7I)b[\rn\ZWqß\\,]P7ãqu#9xGC/=]-khZ&qz4_7~$%ulϤgME\0\0hҖ5X\"\"$F^PJ\\vH@t@7éqCvbTyryv(dβb]3ʛ:$}\0@\0\0Rj3TFhdF)pkל\nU*^\'?N9ڢ+1Uhɨ5R5vE坳gӛ>\'_i浴H C7.:1۱v^o	Ӹ\\@rKQD\0\0\0XgUMPC\0#5Nu\0M)99YaT,QDݾ;AzG3\'\\wNpc7D;:s-G\n)<>Ow>@T 0K	M)b\0Qn:9֝DUnb*PKƕZnz>@zy}\\6z?lYɬ덮4$Rn>ksղ %s+URԺ\0,b9U`\03/B^A7^vzbIaY\nJԼjw$zW8@Sn~?~3Fv&<\Z5:&@Ϯ-_Es<:ӍIv]q-fVK4\0Q,E4(E+\'\\w]	\\Y׉u+XY}v/!zWJy+Π/Y닟n4ƸYr.=7,/-_,	\\s=fV1I\0\0(T\0luwa:w)yW9F@.NI\0<#^wǲ]|ޛyfluY}ߚpѾ:,$j+gc%s+\\ʘ@\0\n\0\0\0\0\"2:{\\|ͧvsM\"Quo=7\nJ\0>Є71<9Ϫ~OC1C:Mq+HLH\0\0P(\0\0`2:gt^,Rv|/El!ؕ%\'ټr7\0v]zOOs`|XMpXt@Ep:gƎX`\0 AWPf^.=ao9>e9Q&3:`vGZz<7> \0y?C5(Qi˵.]@D7hczaN\0,4Nˀ\0(!f՝x}zmo	6H\0MZ蚙+A\r:\\q|@\0u_KvoהR\0U5˞a4)ZH\0@\0 \n\ZY)i{ɵ- \0\0ծ{\nʽsLYνg\019~nc{ykjse0\0KjQTF7)-\ZHJ\0\0Ry9ّ\0\0\nBZF&5e浝(+z~\0\09nW7m[S!\0\0A/v;C|]uMJ`\0\0\0\0A(:cֻs.(\0.]kFuLڊ}Įhכ`//rnN:i&η\0`\0@rӈg\\:75gx(:\0\0\0F)tsss\0\0Hݥ9^:l1{tg[۽w\\Vv<\0W,+B҄\Z6p\0\0\0\0	BxYNIΎd\0\0\0\0r\n!ZwMG\\%1GF3MQ5:\0s;yN:rz\\!fte6:O;#\0\0\0bZqar͍iI@\0!UPY@t:ν.	x}z_WgzT[ILlp2\'cʚpJVˣ7qޒd$\0+|	᝿Uvu.v7=l8\0@rŢ\'Zi\0\n]u}Ǻߊ^7/F>9Bִ+X.c3mݾY( ֯}X?AuyAe6.-@%Nc4tf[:q}9\0膀G05x=~/K;s\\xrF\\	;HϿt˯}]q>R9RVPcQ~\\W<l8m)	VشT\0C:m#o/nzy8a!맬B1&dbg\\>\'Y˯_/cl~?G=gLE*n~_>\\ֹqR59_˄\0\\nLJ\0wTzxӗ|/c:g>JvvI\"l\'2)\rZ:=8{]x{:<\\Wpz%5_?=yMXc_דs5=~SSa=w/<{ :o\0\0#=\\nGdLQNn}>DgB\r\0\"rx{8o˽^?>c=X\'.MA1Njԁ6,rˁ!YiA@N]g\0;uupA$]}8\rpu)#*\\n~~}<@|u׍B^K[К1gJm$۬-\\<##l$%&̥\0\0@R=\\n5>[!Ng>EۧӗמKu^{h	`D梫YvhKNF{kƌɾ}l4\\|t\n9͊\ZN̣/hĚa\0uYꭜGN s9N=4\":~9@5Ibg\\3|ۍk,hV&|9+6v1է3>~yg0^,_S\0\0\nr{\nޛ]Hs9N=4.k%ןARN sNNA\n^F{TcJiK[ɾ;(Y$G:WvE,\'34.Â@\0\0PWP-+jݲx:cG7|t]xHd.]J4k-r^pUD4˼^}wjTAjNAеshPϥGN|nSf9HpX\0\0\0UuG\'j\'ω\0\'7ѸpM-,mQ\"%R\Zo9ˏMqޜv`5%mVlgLIHl;kƳc͚o=݁RX\0\0\0TԖB2mO@\0W[\\rC55{b3jeVWE;$N_>qߝ=t_b/6i=~}|1ƅiָ]љّ\0Ԁ,\0\0\0B!\\j~6cz,9}ξNkP\0D+\rU۟k|9p{.ps냟$eݥ.Hn\']	+;Y3r5\0\0\0\0BZGf]_y _wVSh#N͸P\0\"l.gg;辄V4g=}5۫H)uYϞ\0\0\0\0\0\07Le\'/my{뗚Vs_/FUr>ghF[tĲj<_?Ms!6\r9<>Oϊ}iF\\JNvy9+\0\0\0\0\0\"9\'V9F۱t5x:v1s[=V0wlilǦ\r\0\'\Z#\0f댜[ߝ}WN)N%Ȟy,t?])4dg\0\0\0\0\0\0PDԺ7Gv4AXo[8{;Q7Nv՗4pC:8\0@Qjz*jɳMǹ:3q|>\"68\0\0\0\0\0PVqb$ߝg4hs^wmF/G[Ĵ7\n\0\0\0	a/\Zj^}J6:\rǼ7_{*<7C:!\0\0\0\0\0~y\0ɭRy&=osƖzV~X0A\0@	sqgJ#-k gsȼ׏Mΰg5[~g7[gG	\0\0\0\0\0\0I050\0\rRnd&+?nęlju\"Y+\0~{~oD&BgfsքBRz;Wǥd\0\0\0\0H_Nx1\0\0/\0\0\0\0\0\0!(Mm\0\0\0\0{lIMu$\0<\\XJ\rm\0\0\0\0\0ilI	XRqWu	mmi-ĭ8\0mmI$ImIi\'\0XJw\r%I$I6I$m}H\r[&\04.lmmm6a~$IRW9mmmm6-#$)Im@6JmmmmI6\0b_fWi|`!LV_mRIImKT\nOgFҷmmI$$Im\0ܣ\'v$e\0[oI$\0~\rok$\r˳olI4-ZII~%mmo$m-ZImY.k<3jI|$?-N T\0\\FD΀Mi56V\rIߒpy;Kh3Na`E\\2kdOu&S@$^Mj= b\0k#	3r^-=<!V)m8=>d$ߘwR&	m\ZPwkUI\ZPnV@y	<hَP8禩@\0_	[4%5E~MXhw3m{|H	$*M{\0/{AD)>x8	@$!-3_-[$\0\'4X\'C!@Ѩo%.Z\r;)#S_Nd)G4P_t:4\0jG`[dLU\ryH4f I\0+6hWryu=_?M*<<O6ӌ7fj$Iӎ9e8Tx#vӹK+Pũq0@ 〦GJ!}ogZ!Z\0%$ـOF}FkժsF@=\"}w\"ϴ΅yύ@7\Zq	gt\0+(!`#\nɯSCZpokQFE_m<I+\rx`H4s}ET!\0饇Ҵ#:\0\r+\0_9RIjtPȻ]?Hc	NRb&K\\7@\r}6n#~WӘ-7$5n}:9i!s6-Nnm6 vZlr)\rE>6H~9Mo9n_}a4FKA]2CAց̬`-tPoqDٗrI[9A䲸	I&\0\0\0A\"21\0GFm$ڄP\01?cXtM{*MSiZ\ZI1\0Ұ{ٙLἒ7$6	$jvR554?Ui\0^o򒕿\'\'C\0n)Εvl;5f*I\rC\0$햚]&FEi\r	đ\\Tg@m$oEo,m߶\\btBM\0J9=$^>$|BJ\0ߒA{\0Q	.oZ\0*hd$h\"I\'h!A(Ƣ@\0\0,	miI YI#y`\0Ię@\0\0M$&I#t%?\0k@T\0\0[$	-jI$wEt!\Z	L6I)aI${̾$ܖ<ЛJIL\\2aY|xeC\0\0YQ&)5PJȚ/`׺{ FI<#<ꭴ `pm9g_B{T:QE.dĂ)9A¢	i꩒|`֦EZJ>FH>E @\"+1&Iz֐vs}t,eӸɽ$5Z;VDR\0\\->3ZxԦ7rK`H|\0Gܗ@$# -L-#-K@ix %럧8_!@-5`ή*\'\0B,˭m߷HGvYq{j&쭶[}IӂGѩgJL[5i/\0k\0mZXa^	\0I6+sE1 \0\0\0\0\"TWGRbd$O<kOxm[mplz$\\$ tRJw]^$\0ɐvM<hl \0\0\0I%\n\'<?ɒH%;\Z\"sI$I	e4A= Ze7ZX$WI$I@ɡzwkDe͂wI$\0\0\0\0\0\0\0kZjsmm\0Im۶}\0\0(.=S?\0\0\0\0\0eۺZF\"i\0\0^ vNG[\0\0\0\0\0\0\0\0,Kcl/\0\0ul\\\0\0\0\0\0\0mImk[g\0dmmmlYg]o\0Wb	emmml*z>?68Rp\\mmmmK6m?\0R!qm$[mI$I$7ۥ8?V2yr}m-7!f$wkO\0m-Vp*\0iovZ\0m;U73M`~d4ڭ\0ٿv[qz^ԗmڏ\0ž1ۉMggꀐSEə\ZmϴD[z|/\0\\mv@ז9&Sm[D٬A3^40gs	F^ʣ}3C)S` 4?xa}cOIqHaC\'$~\ZOVy\0F`.Itc6~IFv<}\0f\"dB<(:=a/d%}pF&qB3H-Amؑ<])|[6ߓRQ}O\0\\\09	h֒`hwMxޥs)$C|B;톲{Y\n[M[ǈB$3G\\-meXɾ\0K\0\rH{o91m:U$1\nՀ	Ǟm$=3%o\'(greUhǞc@m6&M&a!00}EX$ho986V)lemd>o$?=?N%ߠ@Llzek- ѭ?2%{􍊉}haJXb=:~X[\\HAx6]W7clsFtEw)D_.SĞ\0d/@ǳY[Db%dSv|:{L$Rx@*n\r3WڻvSJC5\"ZXVxQJ\01hE\r~Ao;t6}֦wdu)\Z&0[L\"߫=Ūu\01:Kx([#$BZG23,?;\Zq\07L yz>> ]H\"mӸ^:ͰhGK8\nFI*[Pa~K0ե2{P4I=Ȧ!}%2|#7J\0J2eed]љiiP9\0@$W-\0Vn\0߼:_^Y\0 mB$,cIIbl^RL\09^G2#$eD1wfdyk\"\r1G|Sf2\\ڷ[Lm\0\0Amz[鰟ėMM%9p[uv4~T$\Z}\0MH@=GM	.S9\0\0\0]\\ߏ[[eISS\0X&M\0̺bI4l\0w&\0q\0I\0<I1zm&zna	 M\\4I1Mnv\0T-۳|®6<6(!ڐ,_[m\0Ӿ\0\0b)6\0ؒڪH\n4mᣛ[(hZf\Z͎y}qu8Ğ8\0J48&=Dng/}5\0W_]}@h%&~VNft^@ioxXߤrU$g^\Zugs9T>.+\r!$ft6)oo5lbӒ=,/r\'׋%co$W3]Cf\"a)?%\\xՍI֯+3:?m12ץ\rR K?6L0;M_Jk~0\0md0բ{VdƯH_\0wd,S3x1U%vK-8R392aOh-{w*v@`\n1c\0}\0^\0(rQAOj@HÄ}߮zHdDLfU8M\00X@Ut;9ZQÎq- [I6 pF[>myuoT^lߧ+ft#)RߒI$}%or\'26mJn}I6-&[j0΀b7o|\0\0\0\0\0ﶤoV`7COƳ\0\0\05\0.\0\0\0\0!1 \"0A2Q#3Pa@B\0?\0ޔtXD- a);<OǱ_XE4|&y\'%1}.=iBfK7ȌL<HxCkbfl)ԛH2,,,N2G7~/ڏ\'\\~F7i<B\0D8v7BH-</yb~<`*T7z&Ye_茬1G\">K\0i:֊(];BČ&\03!5<~CFͭxx,J#\0^bfoeG2\\!LJ48iM\nm\"\" &O%c<gy.QrG/$;F,ң%pz FOyt3~;IWkd$MP7Gq/9M,X1O?CĊvt>\0neq\nt,{f[eZeokyhh\Zqc\\HympC#hEZ!ty>Y=_9ՋZ\ZW\ZlǊbLz?6nb+E#()ş=읡/J3F>oֈCՌdUEE2gG,S)~dȾơ*,#Eܒ?ؗ^dB{oWVBW\0	~5΋tBtyH-3/Xd<27p^CqtGORL7#rm܄V܋O7#r7#r7#r,ȽYe]rnZ%Gٷ:7pэfz81iovd 1zt/gu_^Z&n1r|̑qzXH3xݣJr<e3Ct[#&cW<](b~k>!Hǒqyq:<(hq,J0I\ni1F\\\rX~J\\ECI)2,FvtYEYfqn73s73s72,Rq|\rhlbF6XjD)c\ZTc,Yln%\r&zޔ?]c(\\Z-E&YceYhqpYbct[b$ ُOϚOq5Όz&Yd>\"IMؚCd$	64&=lO,Ee[,O[nfq܋ZYeZzF\r}4\nBGaRٙTѱramf\'-#($Dj>?1qJNKn,Llo-!ȱH챱I,n7	)XsQ!1H!y}}9ng݄l~WcȟND<9ʭ3cDLjal4$y&J,,r72,z7v^6JBfqn7L X2QHEdrdCHH32S-G<7\'2bR~7HM<K<(I6tdvFT9}C#x)>\r66n,[7܍ĲPtFJHsHއ1\"\\GN\nF;#JEWCCYb;H(T|׋fO,)xH7~#py.7c3%,LR,R7]n&GwdOG.K\"t)Iʢ\ZR-YvQtm( B\\\'dّW#&\rX6>R\'}CB9ѶbO!cd<97F<Ո}lr!\rѹl4(8\rhHc\r5s$Wd;QDS>@ɸG>&Zehi2(gfp,YhFdhݸ$\"46ٷ4ZEUbB	!j#?س4Rt=hJ$+$#&-eYeEȲ|hZNN;VeF[Yf䦕ndf:hbE#j%qeQ!.ͯ՘ɞ[D1bn좙LIImŢ?GffTpf\"\nQ\"9)!ᵔl&X\0jZ.ڽ$T(GO<TGxf,|Weh_>@ȾؠТIQEKڏ\n%!TM\r\'\\EُK\'$yBTd\\MV;NJHmED^\0ՋGg|1h\r\0Ws<-n̟j>F,vIS+Dm6=GCV4E\rEl\ZVdH%D~z3cn\"RKg5p8p<vyx8lWh<ܯK:_sHslvAR^N?\Z>[xݡ:r7#rJDsh\'h}ib!bqaOg+FעBE3mT>MiTy2O6nˋ<a4gŞ_-R܊3Gu>s4xn+J6j,$eHy,IPHL7~jgd,P12rQ<o2ن4I&&Yc|\'\0,ƿc]ꞹ3\".ƨcl2=\"\Z\'%ƚvQ8Žry6Jgk!-X9Jmml&B4%C3t4XQ#<6+삤M\Zv)X,=h?s$2͊u/,hx)[0G=qMǒUY$kgùy;wrHVc8)\'	~<d%MfF(60Q)[#ёp6Թ#!CT2\\\\mGhB\'CCt-%ʕGhGE62OVLRxP72r\0\ZEB6dH+vg\'+<x4.FO]2>BTC5h|!OI#è$y<Gr0I(j\'.T.yP8},bnDz%z!4e\\.}6uCdy,MFS)i9VN*%\\obj\\3frO]}Y$rCWY.F*u2pDΓF\\nʣ6FKi82=ǉ*fX6G!8#<xS\\0ΙZcf)uD]AxKţ1dH|te	H4\0s~蔯~LY]˃x廆O2`i>6əWccUƌbu*<U,3wю[S6DKm3Ԣf>MOe!O\n_|ո^\\BјN1ݏChj\\\nVY,~b_a	gεcTdVfJshJGYRTF/}a]T_\ZQDv4-$c#+C717Cbc;1ʕ7}HT\\wc,2bE\\QECdvy6?{\ZDqxlhQ3KTP6呗$ge$5fl_YvǑŘG싡ђ6b.x*q~	)Qz.|_,\"防$MpCf9Z7i{LrܬcRe3;\"$.%Cc\0m;#.	TeH^da*bUFe,\Zcgؙfn/K\"ķyEU=\nMIт|\\Vy02/ՕhxqU=[(n*!ٗ\Zh<g<y8:!Vwdɉ4e2J\'fIX.NQgLeY2*!t?Ox3ǋ.\nVb$H3!GeUE{rMld2vVb3nhRLb|${U	\"!?쳲Q6/8`dqCFѢ+.\n$\'H&cȢ7QɍpY޶X\\[4VVCG-ҹQn.+$-Z2Z@\'GeBv)R.z#hN\'14Xfd]I*b2}GhdP$.tNMd_14cҊ &F&>Iţ\\+{_&Z\"MRܬh:?bD_qd%I+FdR(EA		սDW$:O#QWDDLO/BcKF1\\,g/hzMfGHމ^@zQEℴl7#wo7\">n>DXcF>Z~YQf>Vً앞,V8ȍrFbwbtn-L,$kT߫cdXؙecdDe~!شSƨE6\n&H%L>ISlܓ>=oJͣд<hn*ƴJm英m6MP%/J(KDcd՘,2FF҅1=keB&-u}AXؽ3rN쌨h1h1d\Z$(&}i>%֏*^uQCVJ(k>QEѝSr/jȺ[]C*]~Jؽ#:z%EN&EGɿ#%2ݒ1D,edU\\\rZ3\"QGuy~%En,EŪbүQ$U6i858\"Dɼn$ȏ/,B,=`NŪQDN	|;\'#&mIW$2ȨnˤN6eCM3WTc?#ZX&\'z1?ѴMҊEQ6C]]YcEd2nȤGF!#$<(NR2vJ6kLOk1\nIch&X^Q\"#lV	%$Y&n)Z2tOB\0-{IK<_(52vȣ,pI2dюlՐĤK2qTf\\_:\"\"B#财h(D>LͦbY:%*f)Z2]ٹ$yqc>\";{dF1:N1|Q(f#\"T\"=FD$C?f(T.֋E8>J<8ƺ|u(ْN$lq#6A*.;2cN4)P/D.\rY(2D?هFr$1dQDn,_*яdBȜMFDNbb#\"0HHC҇\"2*z(^_YecvKA\0̫1Ry>V}a1N.VfNYϿvGC-.ֲV8lC(\n5p܌yZ.H_Α4Q3g=e,XD:\"8ّ(ȇg;dW|b̰cui~	ı2ZX袴,lr4I)dɻWfYQ,Q9n~*\"H\"<c!s*}3;dy+,P,c~.	fXPO&Z[c]LCы5eދEػ.䊿j|-BoF_$m.L*Z\'\nE~Y~F%$Nte͑||N	XD{<xŢ=3D#7ڈ;|T3$I*we\'F%>	\'7b籢eYe^l\")4>4,J1ƌ*Tv(bvy1ߐ5HEP׫uՊiW%0*CcVe3i%Z.qn7ųs7I2<)_B(X6j6j6j6T#+BxY[1\n&^͞Gzr)JKqYEz\ZY7IɍǓ2.I\05Ph7!Ӣ,,\\ܬl/&(n#7\Z&eYn>8DFFцWɑ1ƙ<>,dDHJe%.6g#ǃOnt\"YgcYn<L1SGɽZ9Rh\Z3y|wV^*)E_V:~Z66}$dH}ctEp)D;<.ld)Ud&X#W<rg7EƛM#*MZKв33T,¬Mp~+rM\ZJ-z2;+\Zc(%6Y4wN\\dɞe>Q\'kh6Dcc䡡!JGɍި]\"$4̏w4HK(iX\rNPR$}K;vXĊy1a]U!2OI5%L\r\"hn,3ʤxKw(ZV1J(<3:h#,l{Q\'L7H\n,UU;jHTJ#Y\'\rdz<iGBh̄izvBZ&QhB?q<>&7F*7\"Z1r_lrg6`RH$NF^X*őU9!2RJVI#tKV((b:inL~Abb?ge&y\rٍbF;,Ll%g2\'d193w>L2Did2ɍ1TDf}fJM G ]D2F-VAZQ]	\'c<f-#͉LS0x\\\'6ٲʹVچP.KEَ$q5C.JcI6nK,3F7h73ƍ!2ўCƿf&n7\nhRij_#F4FɔNMğ$z]XP~fudFD*JVY,&Y[(}Ӳ\" نi%ݘRf&Xٟ#ZȺ >	kE6uCM1!#\"=C\\!Bh*َ45ct9D\0KpK,\"|&X?d:1tC.SE/W$d<.1i.Ū\\LY-Hp/2r䔋~-mL;,KإFY7*1ʍs7FFhqHEP֖UQ\nhυ#$R\".JZ>ΎB?vM:VQ<Q,ۋcb3j6j6j6\"#VEZ/={dF>#z7?Qȑ,Xg\"CF9mFg̹>t:Xc<dB\\TMQÏp<d\"]ޑxH+COcI.:<^f)R\'#.gd+!QGR#ؼC>m\Z,g\Z:b;t||vbFx$GIP5d^DSlYe2Lͦim)D=\Z1<whFn.R2#Ep&CIt6s<1\'sئ3ԠLj.	JvM֖к$G4U;<Vbv5d]Jɶ%\0#*db.!1HYd{2#G\0\"]%Va{<\rQYeY͞>}HdR0IdƑ7ΑVU\"B2L1i%iD\0W$1e,	\"P2r&&XddM\\|\"\"$5eV-j͆`Б\0-<̳3Mq]ccjE.Kn;%-ǐjIPv4QEQEQEPm66GDŵ$f9щB?cՋK\"!ذ&,xhK$ގN2܅o.@dtB!4GD\'z\0,tF8ؠE#҈m#}c}[B\\QE\ruAdD!$M}\ZѢqcPѕQ㛨R7c1\'fGHb¤D3yrkF2G.˂̬Ceў5D\0-\"F.Dqs֛ʘe1b[Pr\\Ye.1̎ƽ1gW}Q	zQBCFdXُCF^FLXt1E!c	>*va~\03\0\0\0\0!1 \"A02Q@3Pa#$q4B\0?\0^QBFE!e1L\'W1ۏ?y\rWӕvaq93?ȵ8U\'GX,\"l\0!%%DvdFLNWɱ\"?5ilM.rq<w\Z}~+;>yݚ8c^CbE%n\'\Z>j\'-8$cE	|HQ׷^hɎk<f1dRbv\'_(ጹ2i?T=\"Ŗ?Ũ˃f?,`qq䎮?&\'lB85zVif1e(OL{\Zf<YOcͨ؏\0HZyǋ!/ɏNf$1صpLɩQVkuo#FEFmBU,SFxsԼFV|ಬ<v}<(6eӤBcɒ/O잮w\0bkHڊECf|qRW+P	BbeѸjFgGɓѪQ#7f8=\0Wuc6fFo<~M^{Iu/246H2?^چfx9<:{S~>**FV(r+EQVQEW/L]|48٩Oxir>j{^Q Qv__.Պ(h>=¸LcBbG>=4^c8БLHJyvp\'dWʊ)WͿE?2QEQBVm6Ek(QhБVm%ǃ>5gqQEh,6&bPbE\Ztjem\"eW>{~ק~qID!Fc>qgeAMMPLpFD%5gϺmedydG/o^\'ꄈ+%MBϦej\03JE1z_\'\"27\ZLj\"nSNpsvcDiQgT4GEQE	{hIYEMQEm6&al66(_`LbqT5GβcE_$</x݉F|S3KHh\\(\Z(MY=5E5z6JR)Fj(hj\"(QGaT9j5XɖY%l#mz_(*C4\r(.y,\\̖F(H\Z)QLĘ6FCEm6%(ٵD(ͬQfhhl6k#iP6%Ʒ)1DLA]\'&=vI>$;c\"xl92	K&٧mF9(c)XH]bUbT;M\"KFhU\nc6&mblbl6lLP6\n>#\nD6Q}1;2kaK_)ѧ񹵑ɠ&bHr!!#iL\",mݖ)2:\Z%DIʑnXY4bLFil\rƊ`D!Fal6\"m6l\r`(QGFE8%ٗ,q\"~A&f_ĄQ464UiD^,qBI50S<˿\n\"EC!:1e#s429ov(d86#`lJ6Ѱp%pxM6G(Qp6@lHt)EJKi\\(/+)\0/7GZ|\'t77#K4^Z%ǥ&\'%\"^GN\"GOblb/Qm.gEd (6(,m63c63c64(Ɗe1xhĊ6\"פXcm		QD#U93G?C%¿\"NZxF1iadco-Lr?o7rkM?Y&CO)<!r䥂*\"2#>OECqpKbdulZ4C,f-3>j3EQ)G\"bKSY\rT(ǖ3ڊ$R$cO@X ,QBHDl\Z솂_q.,yGIe̹dYF;QRFhm36twr.%n,mQ\0bv\0ung[\0\ZdȈi2@\0+Us\r-M3\'F\"f\\2zݲ>9>\0F?а}!2*CmO$,122i}ha[yW<y,Lbbb~cdݙ❞++Loȫ6jQfW\'\"hq1:0Ebl)5Jl6nfo7$D~ٴ\'A21Hoղؤв\"sO:7|.9Qo4X~!5-N=4[WDͬKGŌ3xnrEFNc4T:GI\n4F.L8wx%%d-Z$9pOXhbv\"tIpNic,LmiHhkӪF#<YvILH;߶&4ogܶ>HhFO>E!g,LnNI$>{5dII22lL7FY9v)\nVn7n7ɧ-SdY|gLÑcHr#:|,-YmV[LD1J|$CMs5ɹeDh>Z.\nze{BgRFL8Ztk˞ɻТxS䵏vDdcǒْTo7Hr ,nfyBbQ*!VaoFIRF<*ɾK,,meD1BY\Zo-:`[VL8qye[]jdBmbQ\\\Z8;GZ٭C_dqc|E<|#.$k5W#BS7ŘZei?M91HS}C##&1ѨWdAFʙ6o7|}\'hF]\"^c\ZOQ4~\n~!k|ʊQ2en彎?E(=dxrQ{r7/kޖ4s%L>:3t8$h4QGy\';ceW_ȟD\0.F52\0#f|22i5\rpn6JI&G	45Lw#1++8>˞ph&,TOOF<A\'3>6S\"dͣK|FD2B+NM\'GS@l\ZўNSrdF1$2q!tKI|Kq43va|3]>L$;E*ǓkTaβ\"i4Mz%rxQ_EBSä\Z4MgɝG&}5EP.5hdhjeُ\"h~׬PEjFU^.\rW;nȍs\"eZ3ǑJJ1yS\"\"N\n3#S1MD>L9i̱.2LM2/ȕE$Eot92Ψq\0Q5>FyY21U35\r|*Ĭ@qo\"σx\\?1tKK4e-Vzia\Z(G芯X|\Zudd鉦ѩ0fLi>BTc\"e$[OOmF?Qѡ1dt}6+}.6jL&W7lX_6`,Hhej^,i2Ƈ̸è4vEWx+;flI}ƗYSț3`R6$2ˣvO,RQ.K%(3cG>rIfD{%ѩ	;29mf=̱d\r,&(pj\\IOcӷPΉNPflhI\n	Fm\n\ZO$10$4AJ[\"+viu4\ZZo>qS&)tXΆݘRn&,]1J>]زF\\%L9Vgra6Tw2Tc,$Fx_Yz%)6[_xž&ي{d\"kl|2(HF]\Zc,$<FOt8ZFL&Vh3Ór4Zrk|\\3S6\rp>]jɆ[YY/<f1%Y\"fҸt}\'&|I[$az)$bfވCEzڊ(q(xѪҩfޛ5X$DHQlqhHHh;7#r\"dc5ɨF\0uh4\0CO\0V\'N|ti<wZ# &N%C|H:cAюTI^\rlLY>>r0⌘F\Z76Y&^#-g\r![GrURAKO>Ly7]#MtbP|lIܫ>|QURæ&Ks2vsF	0%IŐ_C͚m$*=nZG5-4ƤnlUN^Hѓ%Ŝ]GAO&<2c&<2]v)&$Ѧɷ7bv\"f\'Ƀ:$i}H*5ɪ,nk5حNFYBCL\Z[c5}[fZ}勘D}FN=-dQkbtfh>M6.S*v/eL妙2Zf\"Mf]͈:UR:>ÂOi$qE㉨tj	tb\\y\'э≘JG\"JBN;<txvj6ؐ$U\rS(Ĺ0E385xNɽŒ|>TIS\"h鐛B:y(Z\'-NĊ#aԶ+Vyl˕IRHs1ɶ\'hJ\\j2d$M:CԲZf#fDGN2!$5IFGDQLhq2jqv5n:pxm\"JE	f3LcTw^ WFj!D4J6ƙL7deQPCq0:jcs)7D߬*ُJDɨr71DIRG5C(|w!VG\Z\riMlS\Z48b(f3HՐ~O3\r\ZUd)ы+O\'اbvA#64\0#<03r-ݜӋ6Y-ת(HfE9dTxn8U5q?j#h1!D~f7}?#Ɇcxc{lvFLDsh4F<>IIMpK:7JXUq<TJ41Y-C|X՛qWB8PcGH#Y+LeVb±PfHŧ{Z5*%ߦhxf%fT/Oyc4)ћ\n_\Z7lNˑ5FIPo6T7obBivo6&&.XY8(x6E-\nT2>A<\'JE7w\Z(CUѵ2j#r6DwiMZ5tM6O!+q(ИFVY<ڛ}A[6ǅGIlz>	i<.,+&Fm]HD2\"cʱeCi2WɥES(=fX51.MB$2$]>ka*PlӪG1\'d>JLenkDbZy8I!lP\\S>1[KUr)>	H!8njR4ؗ	DJ∯dբmEH~flx>*GکfEVmDm3K\"1N\'<oѤϾ(j[|mPG$,,\\bcri{Q˒._$#\'Fْ\n(/ޛ.` x6bϲ.|=˃$6$P4%j)㡫B\Z5lG8K\ZC#UꬔZDbdfqr\ZGQEP\"WF\'hj(KFj`̼{7#r73CD9m<Q͵=Yi3dP	mj%DRxՑ$j1,\Z(D8I/Xv\0EФ>HLy,)RȺ;Kk0\0#KdD<cL\"C,vh46U8Ӓ)tb49p4`S0(&H(ˏ`ͷ15mp^1jIYALDi|W Ȳ#q)[k׎MhxdeF&	]:^zc34!Bcqg\ZbV<Є\ZmGӑR\06֢bRFB2饍2gj̺\\[\"1?i\'B73s71ɑ|K4#SEV^5RM/oQLo~$3C\ZŕIr4Ѥ}UlؤjjilDEe~DEFl$|XqN\nh#\\%d\"i!HǂH3d!Yc\\!Ԑpy<R-N絚=g&g2k6|xɞGhI\\H?#F, r1Hn1_,)(H<$.F֏!Yi(MNhUR#+nvrEњw}\'tg%{LzF,T>wf_65n)u2;\'2lrwzf<񐤚,rC\'&Q((XDOlĹ<mJB˷$\'ryi/KYQ6w9>5鈌䴸d\\JCs-94aaZ)66L)3d&\0f؛QCEP.8eK*cy7S2n,RO74Ժ4!S ٦]^MڢQEPGi5{85QY$$7Fe|$]F섷+{#t92-q\rYe6mdbm(,ǆ4:CFe.NY\'䕑1ep4ZHOFi[2̖?TP}3v#]|fcK4C}Eo_]|\Z/K#ÁʑJ,Ho|V5DFis3MFwed$]	LKWD1Z!\"8d«.\ZĭiPQ$hf.5fͬFsqi\Zt#ѹߧD}\'F-Cչdeh\\D&9$K\"K륈Lh\ZFqKc)zjDRFN/h>J<\Z7RfՑik(dQE\rM\\Qn1I%z4:hHIM3a5Sf̪{Y㵳KQE4Ep2͑ɉ2(ћWH\0KƗG~n\\1E×M\r5qa>5læQd\"k911fipGTe\Z!|IJ%ɓII<EzU8$~\'\'#e&Ӄ;UHF,d(	\Z|2I\Zo/-I/ҙ\\ЍѫKK\'[d`ϻ/pnMҊ(Fǎ6G\0f<4T_&L{%|BLm6Mi8B^ظ1S͸IDN</IrAcFUFPf雖Leȣ\nDX܏FqAY4b薣T~ҽ5)\\iQQ?]ŏs_PYdbHxl?.Qͤh\">M>2mƭ\ZSDV\\:)G\rPaOuGь5xѬ<7<f1>3LPLz{b،͑ۓHF,ͪev^goC!t7EjTgh1ۨtct<\\kKG|m\'\0Nhk\"U3\0J\0J\0JGw&/-}#j!-48GQ]6<*ٛU}\ZT4h^MKxyD5H}DȳT5qk(QHʍ<~\n.1;b,~\';d#li~<~cf8׮ѪȱEsm?F^֌PBUbEH&ճW<}2S3e\'4R{&8b3F\\Y8$VIW/tn)M8(xIͫj6ix|3Y_jIj2ݖ4U,<4#M\ndveG\Z<yL^NwXpbCf-\'ǫǓz}\nE5e2(+<\\z{Ɵ&d2kZ|mVIyNHI32+fS(BD+\Zw	$<7<hxɨ\\E7FliƆb;vT4<+]䣉>O!&dd($c4*<j\'ɍ4#JJ?P-Ua4?O&:HbDƩrbA86[<4io4QEJ<Z3t\"o6WOF4ԬŎJ24VfQF\\y	gIK*8#ƛB;x(#Llw#[m!N3\'?8|p@h&왫o1z$7Ə#x՞\"4yMҊ(g3tj#˟Y:2ﲊ&,|T̞_wkɑr4?TW+<\\VG,1FEC|;Dq; %dnRscd3W?DmzA+4(`x%cXEMjR,i	؆nem#4箇l;\Ze1`XD`m1GGUȺD[fnȋ/GUdpKW8QF|(qtEe\0fZFW(G8Ld5=VOeDE4\'z\\\"dhlS9QŲ	>2<J\'QsBc%*D!\"K_ȏE5FWY%c~HBbvIpy88IGqD#KQ\'ߪ(4eQ3HXZ6PD)\"XÚ\"$c)hl4Y\"ĭr/.tK蓢/|ȇf\\Yzdޱ220,2(qQѨpm6Q,jNǉ\"xq6X<VK\n>XGqF>LyhKz-#bqVȻEXIIT;CF)6*	rJ;\\jln2,OԬIt(G,fKQE\\X%Je5L\"(*!sfj*ctd\\02OsR$xbwkULCB?^F	#kI3/7d\'K*1ĄQXbdţ>&*ocErcHzCuO2TMFEcJD27jDC/hy6y)MR<cn\0]~J6EWp[7gZ6b#ET-YY(AY*/Ruؙ.4Mܬ<dW>ȶ9p.wb\0cd}Hq6Q\02ė~X/	q6d#Tjp<rM/HjtxW\"H:?Udivx44LK#ٓ*5S?\Zo1FL(hl\'F?cx&xcEu2Ycg%\'*h$1%U;C\Zg`ƈ_d5~ϻ+nHAidDUS#*(hyς7_ٸ@q(+FZ>CTYvX߫,kVVlhƏf4Gњ{16~ʲmzdK$O\rKI$&\Z~b,l\0utZ%$o7GQ\Ze3o:LdGǹ6YbbV(DKbX$ĨGsicQB&3[\0B_Qiz&*?Mo}̮.MD~4W1Y4GCVdvvU|HNA?VғfUK\07%aSN1njPm5}O+,eYeYe_9K*\'FElp6\r\rQd#lQe)p]WLxi#/y73Z5\Z8\0wF=1\r\ZH,ηchקQF\0zFV9?9\nB\Z\Z$?L}OKzEYe@㿊#y=kz2&!oB?._\0M2Wϣ3G\0M\0\0!1AQa\"q#2B $3Rb0Cr%&S456cs@DET\0\0?\0q2pP~{׌_¤7$ʍo%noTǷ=P , F:\"kpw\rhW \\,ijh\nּl}y*YzyDSΥ`ImkfY9s}kH`,E}X>`,E0McYUM<UM4`ꍒjwODnU\rCʚOR (\0YyT}:;p8TSGQ1-]dL>=kHsKHaЭ,zZuL|D#M_G(6~IW\Zc2e2pTw\\8/_uTvV枩(֑4Ь6Sf?U]1[:8mD4INVJY)\\k;!n]\nHKۥ}>p-np[-n[N~E-Qcay},㢦yߓ^9*:`74A\0QVJSd8!P\\Sbef`tEC.8ef:ǂ4a\"фZ[B<j}Mj`|Ux>)ϴ\\a1eifttʷ*pp\ZrfhC#O揕48!RG#d8k#1BLr|g5loe= 2L@Xl?p-t7eU[\ZyD~V\\5	Mn?dz_#dzUROHY+K^A\ZdysP2pZ{-8,\nS]dH#nkG|V-w }M8hDNS\'\0\'Pp.[?aJCn+µݨ02X\\UcY1Z<O\\v9\\9MKi9 u!IὪL!=W/.To?	+g`EҕF\"->?`uY -dM/GRH+j5R.#1~S=VGY#dzU=VGY#\0v[o8g^\'J;ꞵKckC\nk#ww pJiyQvH![>&?ÂUEtr&M9\0)D	\n=?zZz }U>ZcwWIZ1Zꉭw*ڍL*h^vsiF&3vU&԰8zpT\r|}8U43UzBK4voU%=L8`;x\"^?Uc|Yz\0W\0-n(\0U`*\Z|Y)qs+kpeTFS	p!7TO~%H r%պZiZ	{Hi*k]dbHow(f0Tsqt27ym5`ǏuˤkHן[uCCD5csǮhFugnXYT|?_ jt4TwuCn)mJXʭzN;1J]GNr;*y1)\\~Ȝ%dUVJY+%dVJY+%dVJY\'dYLڈqEMVYEQ9=~SH!ΞGil\np5e7\'*[5\0G#dfGBT핑`狉T8Y+%n+q[[\r(pF0w\0&q6Gpw[\rĀ]-*TPj>0p~VM=]IϦU*S<Z3W\\,Q\'>TYI7cwrT;d:p(,}b>\0uCXT={15MTU,rr\nk k\rurܵ!\\;=i7duOiChH\rTc&BPKYTsP\\$9>+@5d%!zt.Wp\n\ZtxDNQ8[ V눥f6궮#zq쮴15;=ŉ$aed)dskTKh4NwiOM~GDT:	\Zz5!xi\ZnLnGa8\'79?yY+%_gֆe	yZ@Q݊=h*L새<\r\0\'HuPɃ\'	vx$(xʞ:4NCݑ\nɉߐ\0[D=>aO@KBQpE-ЭЧBآ2Lnr\n:oooçIc)ߗ<Tb!}T2hđ{eu7#>f1WL#yؾWǅ+%xϒעvvi#Fsx?P?ԬDnY>ӕ.{é!$}JЗc=,{pGP#QkHOBTc#%FÜiEEҮ:jvn\0g+\r)Vn).<}V~:iaeq]Sz33?Nq[PH2\'G!lJ9s\0trVJ$\r\0ćEQg<e\ngP>|!FC\\UKr]V9ef1L\nc[LspUu7&A(NTGDtj%W^QM&98-r(ha\'#4:W9aciM95M@CL_fO=GHχ}]ԟ\\)\"`\04`~@[>ϢE(^G0a\\2=cYZ{5tDð!6@xp eFB[sqd-E!p6-8^(MDc\"UtHS\\@][[H7c#ͧ4vA\nV.?EeO^XJqOi 0Tr~`kbG%:VP^tDї7UИes$p<,LFvM`=t^xkY4tcI2?knG\r㺗$Tp~㺺hoPd\'}I+`5k\n BNVO窭Yj^gS˝~$as\Zv:i_K9UMsn ޅ5rYuV㕸D@E!9N)s(e8GP-AU֫kc9;&J^hVOVǒqxD`ˡ;N_z\0}JVʨdac-j?	3T^]>l/#:cQcB\'ʰZIN{xh\0{|6Bx4LmMC9\nlz#ʁuN&`{(}8Lg7(\'tD㑈{}o<Edw¸RG[	QVj8>w}hqW=跹or.%d]kO\nlNg/WqQJ\\#;\'o^huUQHˀ~puM1TS (eQLl--[?4r9(~/`z,E%lPy9%2vVUE9wvB#	qG<)\'+kN|_TyMe䒉\0q -ojҁu#Z@p	s~es~L[ZXЎ\nXuǺヅza9T	l#S\nQ%\raNyD9|	 &L>vTU\r<8sǪ/^qFcބ/8/;ޥywQѸtF^<\ny-Y)M˲紌9T4W`\'\r(>H$QXF=٨)|q,sIn(<U\r4opqZ2\Zk.X禌*Bw@YN\n	iM5WxRPG\rܯ\Z[Lð9pO;\'IIUU&8y(\0&+kH0T̲edTq]@V4MM$gVJ:3$:\'[-^a>y=Qb#B3	?4g-nv:/01e\\yBC6FrF\\a܂P-ƞLd(yTyFnɞs\0s32|U.X{d(@*69\nZ\'dꌅܭs{AN!Qk)\\sKwe҆OVz*+M=[)ۀWc^S!m_npPzc׳|TS/p$Y\rW63N+zF\ZH\'f\"i?O^	0^\0x{HnRSF;\nʢ{\\$xzH(YEcR}F3_OY>yle4KJ`61%n[~:cq p\Z	Gv>pn+q[9N\'EԷH%yɲp\'9R8=pF8YNOS\n]ϙruE0lY/<9WQ^gl8u\nwc.\\Ќ+4΂{y$\nl0T<5ªvmavA#ZYH=$9QT!F+;hDw{/B9aX+iUm6]F\n~hjm3D-\'pWy.׆e3[ohW7z&ǎ1V.Jz(۸i+dPFlV6`R~ER<IT4Ұ\ZօwSD.BWe`(<ye\0RoOOꩥpF\\:\\Ut@v+=\nO=ךGuUUd&BJچ\ZO6IvoF\\wNL}U7}d<>3GM$i3WUN]uTu$5MA$+^t+>>~?kq=?1eMbT?}Wf\nXMMʩїpԞ,h\r|[6g#ӿiChf9\07g@:@Z	\nTd_S/44й|ھ3UU|rOR*wl,GU9opkbsyT:~ڮ`O)UdҺ1QF~Q-$n|$eZ8av7&D\Z0B|Cq (b\'\0x/_Ws}Vk2;Hg\0u*\nVJb\n31z\0fl4M;HVٝYp\njaCd*U&!7t1R;w@bB̜9>g򒌙y2+NPV6\0sWtf^o}{ĴǜeUM@ѻ.a-#>3fјSKwVZӾj\'g2ט}?|>0oauEy=WODd9Mx rI\\zaPD{3ثnysE=0F^t/]SAzXx>升*=5{2Yys^xaEklW[\'sCBqY;\0`rKK>^[sN2v;U6W98/U1,p#ZzY%ۈ\\jYH=Ry8UGYMwc0U{7K9Ui-8u\'70d,s$M١.2\rIW:zHêG3\'<tT j;ßj}+A<d:ԫ@Oa\n7nh86Lܣ&;>8ʻTJI6T{\05	:	wL\na9!N27C\nPأbwyw^q3v/9F|w__23\nMQY`RR<ꢸR29B|NOOyݺ*>\nT|5=6hx<5Ču#Ụm|m11蠩mDM7d8eo>pJVT5gԨ4Q 4Q.MZ\"vj.Q\nm#A#A|Ȥ!g&M:9Z\rI+VxuSEfӻ[O\nˤoڢmԳ9#G-A@c:AUب`>\06eMD1ɏ8A\'V+{G觇ϠNnVI{w@R0sh9\'أz}TB<\rYNOsci鹤li-\rwjZZ+\'ֻ{IlRMIc&\0-Uq3#7b/4e^=*v;{\'4\r0+*#¢pe,\r\'`L=|wN]n{+L[`\Z\0!>;!P}U2-Ud	S5{k~J>z^g|TWSQW%+,襔uZͭPjYM^EW/?vz&7Lt&2YTU%42\0X-$zv&\0)9{:Fjm0S5 ye?\'d/1|MQ|z\'UTmê$?dyϪX_<cGw<QXmDyg<C>OdN<F\n?RYMI.iZmS}y*OZ~暖8Z//>0ZAxVfCeU{sOUqR=KN7XdaZ_EѴ<fЫw8dbSBGz\0QUROFI׫L Z;eVj7[Ltv8U6E]m3?vEm)GQ6+Av-\0Nii\Z:B4/qtrE+)	Ǐ\nda[trkKoZI\\)Z09(}C 4w_ѻ}i\r\0wkrié0gY&A\rM?luq=md$a9!t0|8;Tld3^go\'k(ղ-Bqw\0xÈ\nM)oq洃ʮ⡛IrAAXWP哷kǪ!0|;9ʧ%[\ZzA+B\\\0((w^Q=U1I++em(ʬLִJ+@R<H9\0OHEڭVRO)q\0FxEL꯻e{pt*b\"ltTaFֲFpUd?9>P9OE6\Z+#y@^NG@p\Z<dn[!`\n $#tj	[O=S}|@zgg28{GfұԄȢa\r\\M3qvUZFߗs\\MRa4K.:R;i]\n)	#V=r.B\\wuL\ZFQ\nG\\?UDlv\058|ʗhgi-W4r:ʐ.*M]n<URKM&]OUd1QFcwJ||[dv[3}ڙIJ\n֌FB4Onm4?&㪝85\'QN-#NqDO*us2mep?\'ꛛʽ_.oQָg;H*jj1%jqQhk~7A-SnUO\\Hp)<};8[Ikлl˂}[K޿|PdfhO8B7B<7hYU①8ϪJ[>=Dcw-QLT52j/8I֫%j|u$<V~ʽF?0IZ,p\Z\n\r9B08Lg|Yy;Sq#⊥Q}lAMgd#Lꇖ%U-4?,)*ʵW$J(`̹(\09F~;\\}Vms[1{_j,\0{\'I$JytX\\jJnkGhae<󕐃֕Cn3\Zy*\0r_*?)ONyQ{T=)z8V\0$UxHwm!#+uICM{%8e]``a\nY B\0tl3-<-=4ZQHM4} <e\"^P]g ߙs~rQMTf7v*Hbdѻ-x!Sb#t]x^ ݪt{E$onU/fs\"4QYnI\r,=I\\kUݱÐ4fAlk6lrc@fVtr@c)_H?/9Zϛo%-$ATai*\0}p*)53^*~\nRaP9.ŎTkzRQ z;Yl=mKxgHմ*hbZO#P-=~RXmHֶ68Wi]M=D$=U2h`\0 /(\0/\'=:tU\r\ZVΪHT?D@--E+`Z8%r1]ͫsvUgTR>̎\\ )˙؀U	i\nfݸaφ\'0syZ\Z]lL\\K6mpeb]L_2U473-#p\Z&\"XW&BcB\'X\0p¾UutH\07ËMvp@8MAYZNE4E۸;-EƮ.Zm@Zk@ش6PҴN)\0z\0B08A4m4vQ4dS|t¸Bd<~&B3~S Հ:pZGfRT\\9[*`ijmMn N<tI5\"+m\\HViƓmMCm6BxVzQ5K[+^Z\"rz*9>%j7TRAǀ*:i*xlqOeƽoN@W^K-MEu--10hÃ!^O<\'BzvW6Q3+	x[\\bL:#t +*\0]/3ܯ\'6.TpGUtzUّpE\"H\nK]<n3)lrǻ᫟>2\Zh?x_v\n_sd*.onqʸ\'5>/HZn4(C,\0ߚ驣.zuh)dj\'\\e`|PpFAQ%ol28\0m\Zc;$k[J;Fߣ[#eo`d\"IJ\ZZ{fj(;(3zpFVo rT܀TN\Z(+XւIq?ō+*g2I߅b[u\rT	b=ǹL}W\"8T/1H\nߖ?:v*Iϕ9;wDP@+_<M2=@^-Pj}i\"\00DG54xmpeK\Z眠G\n[,0!-#-*F#^7kIr6\'fR@,.\Z\"qKlJhY0= m^VzE,c$qQ:;OxL8މ$tLQ7U ^Oc$gU*鱴ogUQYL4m2E#\Z0y^ l} E=mG\'\nc	hB֔m-44#>h\na%٥hOCU30ZYl~OqЭr}E<Lh\'^I<!-}d}Pe|jYU&Pz;uNTB٣ps\\&(4u!`\\8kqrkIT֑a5d)3ipkGRxZ]5!Mat\':]MLN~SBepia}ELӷ-9۫\\f@ޟeݎkci7~Q4,C?ePK]5-I<c&\ndk@}~z\'}ٜ\"J|V<Bj\"r\nݧPx2r3h+&~nC;FG]m/c B1M.;D0ETF-\\L6\nin\Zeå=JDAlHJe>XF*O+D҃^X^X^W\riʩO@JbD@9hR#.<T5fKd\r+hi@ =n20U2Q{Cr:*l\n0fd>hsyA\nՄUTF:<]MQeZj~.MQU,^(.Nǖ\\\recnx=^\niE,2iklO0¢*sdhvBkI텩my\ra^W[$Uf\'G^:*<5Mû>W YQoE텃诐h$sϘ+]GG.y#}. eM98՞)+}Mk%lw9ZE~smS6?&z}S#=I+Dx~Hʻ~\Zgz{BUQPPFdvrrCntM#pU1	{H²JLg>[i\nɐV흲Á=?;W9S@[J-T\0zeieҶ᜵o\r![0#q+?LڊOf^h{9\rؒ2K3.3.ny衸˕tB?@SZ3.hq?v\0ҋwcGCx\0`**j.\r+S<m)w{-bEZ~\\m7+5-@1P?Vr\r\0ydl`\n3Heu:	Õy)%us?\'ƓU<U0:[BK,%5qm>SǳJ?̫:D3VYݓN|xLm,axg?rTy/4*)䬧%\0?$/ZDI;^YsηVjl4}B:Op\'\0)amƔDC֝A|W	4EOd0:\'&90>`p\0rW:cJBM]kdek_oeS; c	\\\"j\\z_P6:qqѾ%Ldxʅh\0tLhöE/Kq4d,T*4wi#@>vTpx\n4yrrpBZn[EK\r/v$lkxp[VFI,?P4xry32DVAYNyǌWu.s\0+}&P>XOa<Z\Zh`uyxcuSeZ4ֺH)k@4i#GfT򶡛s\\}Vu4cGTC̷=>kd\\UH䧯q$\rqRU67DtTͧhǪGJ>LWHdV߈MKztBQ:x\\[4_3JmdDI\0u*YOmG0>g+N7ո3\03(7^#X͐/hQG&Kd+^dw]CB䇀;UTUBAd8)\"1CSI\0;?U<d8c4]\rL蝗i{Ffy:\\H74C8eSɻ1w`~$w+TN5Ռ|ƻqhRӻcoQW3x\'6*|,!䅣<&Q:KQLnFִt\0)bc=\Z2lWFQJIUuLu9dѸn[6GU#R6e\nvT|4Ls\\kTKh|o Q\ZV:J\'9$app#9EVrFQnӴ|txe$8m\'hFʐ+햖oW\\\Z[^0h\Z\0cu=SpeD4+c8eU;Z?x\'衕D!W+TF$UsOӢ\Z!,<*kGLϜnL	->(e?^#;68N9W\n>O8+uck# =8{c\nE%#|ߝZU>H\nbH/k:+F5e;sP\n,ӏ#xX\Z)䪕eǌ*[\"\n>vPEhov$i#Z<TZ~\"Zgfvaii<}!݄@¹ә$cӌmumX[#ZwZ\0w\\9|-Қ<d )LfCс2?-iy3<4KCUJS	jMHc.0HZ\')clrrdL$0e]4H{+d>0PnUIeQdq°ݣ<P j#l:7\0r0PF_9jZcDY+9kV;WIqꃹ\n))M-KC>\0+m|\\w>EOpdXra误\n,,aW*6v`Zg2+#|DC I)dM/kFrh}[IQJ$;lmmԲ\nV0qW&te:Z%i_E3\\׏^\nQ5\\@xlg-?7@\\~x~GE+!^]3Z#w^(uM%yB78p9땧4w߫dtձH${+Ls-%w^skY8TN<mPj-{uPr|)˵Y#\n*),t|m&J՘]s%E\\}\n\r!5DB:GgF8,๾xpx{7\'gADz)+Wm*;QTBk^pVX;	er5p7G\rUeD+)$K}:j|.k(-pݼㅯ<}՗[l2n~J]dGIhZHl-zbiD/xʧDց\"3jo\n/WOj𰕣T׋S{>RܣR[=ك_hKk<s{*748:\',\\\\#7u[Q\0۔&|RWWyvMARDIGz*k=|k6¾0Jx+N*j9Jg֟-7!Tt5ڦia%i_,U1Җmq#wM]$QB*P8xOFOU;{ZOiCA#cx=SG$GSy)P}8eU5I0v\r:{ħtQ6<\0eT٤c_3򟕧sQݓ}2V9t` ہV2M/\",f\\)[,0qtBʂC^ިtL8 {rzEJ\'B)ᤏE/\\hPfLk-<k >#w\nh\"7E3u*FM#ݓUA-ҲFw\nC?\0U7)XƉEce-\"0\\z&p;#YrJ乧oZ^QNdX1jy8r\n-覌U1մ<gpU2jeq{}GU4Ĝ#i5F\nm8v~\r4\ZvUO<gX)b\r&\0	oBo\n2n+X<2Vp6oft?0g\\\nVMd9WK~(Ukhi[#.h[E$k>TSs3Q;#%ʓVmt_S1/\":`U?Q\03URlQ9Z !hqܪM$v\ZƗzMQ)wSSt_3꫄\"@Z}m-\0nt7\Zc7]q{\'>T++${\nɨ-s+hjBUk\0Vdel2@N*T6{rr;d-n=pǯRQ2S	^2kc.\'Mch!ajjA]oe}8̐bX5@?Հ*\Z?#<6Hd8d܌	Z=#w0ꭵ+øNߨZ~\rސIn!\\&DLrˀ୷z+E\r/gnyW[4Ϥ>9*\04uҦݽ;}v躹әZKO^/nLw42%&cq2e]ϩ\r-+HdgS&	\n`;Z\\ચ(jbtR-weEJvA-9zol8{F=\n0:0moG4\0WG+ERՁ@4^#aӳyn-#N}:!AU3~\".9VӶzy\"p{HW9mWY[%xoxGTp\nl(HQ;എW,%2,u5dBx=F:DA+և\Z6??w?Id0u,\n`x^;kiIZ;OjI)(@d!idkVxc\0e[GI\\g -U횪-J#ƍ(Jp;.+3.Ӟ Kt1T#;)⎦kdm)mr8yG.A=3u=Nߒp[#-wGsDdi۟^KL56Y)MWu<\0{{*37e%\0{D	рFaxfu\r;LS|#ZgS:P82pnqg}TNp_kmWV7?+Қχ\r=}U%5};cl`3Ģ\rm3p1ܴB~Jݛ4`pn\0vHZZ_g{>0eI\\ۓ9;\\a.{Soh̛	6AcO\nϵҋB;mR\0r8Ep?Wg/ItEnT룮yksƤPPA\0=׊2X13*r*FU1NQDg*YI4uTuD&=\n=ƮBQbHP:7opsK|c#W0hla` -\n _X[:spq34L1>2	85$^66	CJ!M5\rmv3ˍd]s_׺,еO#[jVkh2PJA;VWoKY4µ\Z\'//8rgcib;=@m@9/)قQQRՆɌehWSp\0O{էUt.i8-*lPڡ.$N]ɅUqs 9̭Sje53%TIM<pURKOi3ܞCʩ>	r2\n>#]⺴92OTR&Ij;Zc@2N%`4\nY`SL׷=g~֪1̔2UZ:jXY溦\'=7	aFyZwo*flkX@sjsn\'GWŞdphF*hq\r=S#gx,\0B!cQ=Q=m=pmdo%P߬R2nlJk]dsи^WFg΃<ϲq&KN@Z\0D?h7]/OvqʫV,s+*İ;**$y@qm2	\0\0Tt+F0:qv:J?~89u[FH\'e6hes*g\rD܀Sjv+JJvF7;u%~Ջ;B&H\ZHH.F0rn}׻\rqF1mZ΃lS07%pϲdO0^)7%$D4P\"3<W\ZZ3qk8>_->=JcwS1z%m;p0곅S0/4Өj\0~@О?pRI;mhUKMCH91|}`wmwG}h.V +ryLXu%\0GABL wUԴC޾maY[\'`.x^0УZ>&rpvF\0iU\\w:[-<{]YQ;xaKnǝ(jIt\0IX~>gwStGkSٞ\\X{|eL\r.c\0iW<^yc	isEzJXy2\0cn;9X\ngm`v[=hx\n{IQQI\'?O~z)	ڬ:alٞk Kq$pl=q(@<&;pqUPʊAs)up^\\qQ4.</3b2)* ǃdщ\"p-w Vӽ>q\nSr|.O^;i	!#t=%{\rt{:z*w\0Gvp\r{~rZSz\'@PѐATʺXi\neLNV1Bi@e$mgATl5h$&`lFw&{&Tlhs\\t#VhJXo\']SU;f q1Rk-[%8	֞C}[p姨>ReM#r|v*z{Ok\\z\'֨nh\"F3تZUd173v)9䫛_UUIA.|h[0Z;p7E=lMkГ%NUQ4WG\05&D[x9dsW}\n]^&u>t;]RojK]\r?5mݓ^o9ѢJZ\n|@.1Luf[dӍqG¾xuΖ}B\\j%@<䕧$\\\n8.1/|0Yc,\'Hd9ZgO}.t Ϥ]{Jp\0??s>K<c̸\0`MUnH2R+Fƒ=9Z[umt-\"S6H݅KQRS9wVӵ[]хV:UE3y{^&ܛiuAx@+=Gt$W*(nTЫܥ]ﺐ&a\0Y%\\>WÆ%\r%hul;I8Kc3DeS;25Zf)?q #e)ci\\e;fQ-k$/GǑ(}4oI\Z?UU;&s9#;z];tm5\\ؠ<0$dѶX;FFuSU=\0򤅯n2\nxyAs·1qЩ4N=qQ;r:5ǲ/hsyp6.T>AʡU[u_9?+dsNAY%IrJbz0|~`ŞW6jMVfIꩢ&0\0WjlfiN}=@h\0V~z1WW6[\0du<=|NϟݵoxZ=ETS\\-ǹZu;%¥^2GG=Cv2֓.,g9!i_Fg525Oc|/>O\\`UNYml0k@!PֲS1Jԕ.W+ȌZy(tV:!h[UyQHuMSDmpL8WZ2K٬%hDV-ê^B6Mҷ#Sߞ9NglX.<^Ϋûԟ7XQԎ>f4mDfÉ;runÇqN	1܂x}\ngӳ;?Ne=Wu#7A\\F5vC|طzwx\nN\'`MVMS58FuSM,BpVpZҔVXf9h^^si\\Q+ΡZvMI8pޝ}?P=ssfgt#РsltJ)dVPe`9YxTALnf5V\ZbT~Ejxjm\ZXUEvW]r9},.w>8#%P\\injiC*X,NZOMe9ԓdx1_lT[g%b@z3Uf_\r#~b^[Fesib]}+IAM5L8\'yKY)!h4V}󽀒}P1B5(_,vyvrV\\9*Y\'[fGN=c*|*!3ĸH\nYmf?!MsCZCn0iVX^#U6}eq,nrTt{b@*V>;=f;ÂALKX\\䮼#CI\n8eT.\';_njc1\0Rr!-=	O8=xv<Pw0U\\&F^6:FL*9\rDS9inVzZh~?yga=ayeT/AO>Kk$>U6L-*\\41-gJQ`r	!xu.M8%-?^lPޭ\0\r cVe}d$,\0Am[QbvO!ݧ\0JZ5FVӗX.c}ֶco2J=\n\'\nH#3k=v\n@w-?C+wMs$p PX(ji+T-\Z~Kq=;a0gc3j;]VXO7MYWu4e=MQ.KFxo&UŠwȚ8xӥyO3{J׏\0\\T-`_-l\r?4hTy(.sz8r-i>VQ$TANmQ\\_1N\'I*G>G8VIOdk<n8W+9o\0VU|DH1%D1p\0U[)NRJzbb!z4!1Q2&y9N^Dެ{\\ws\ZV&-WT!i\0U,voiW7Q@t2	xͮ<*lUpBEJ.ÆIEO+*!dp-p+JW\\_]3z_#TD\rAL 4W-IJXQ]-?/lp>Rytjw޻=X\ZzeelN~.\0	dBUt4RF -p#U\Zb֫v+ݲ\0+5ʎAa$R8z{*gFYSIr]eyP*!/=Y\r=Ŏ`~GKt	eiߺ/?%K8ki^\'[j ]kNـLe(\ZsF	\0p ћ.ꥩ\r~S@<&pQnP$ێ2SnqK>|\nFyEdu:E0W6oO`|e.LGb֑; KI[-@1S\\C3rS璼̧H[RK\0IV	i_H%xW顐{cE&?itٷiz<\0\"<ϫBo*\'Hz4eQV232NԆU2By1a-?A^<G9A+@]mPs#PtOQMp`\')	\"d\0Q\0U;*-{pU>!8n{UۅC[Fz-[g~ׂ:-,AUK\\A=g #U[;;=	UΚ_)U@@{FKG4ZTI%x%e&́F1k\nio8/$+t3SS*Lf	\n}-LM93kx^n־kLa~[.4JFǌ>쭴[kFji#ywʯB٪]qWN6%\0X~a,\'i?.7Qc[Èc#wԦH#/=v2~IU(Tz*S\nGVm<8\\plmqRyqUOm-2*IL@i#%i+[$n-&?vwSCi4ZB)Ip=\0rwUQ7RSKw\\]\'Zok=S9UN?#zYl)3\'!\nHNQrr>p=\r)9/-쉌wPag๸oZ[ kܔ=rP OG0ڤ{%|½ PW\ZI^76lĂ~RHU\0-l}P~m؅`6sQ;Ԣpᐬ.|	!N|6r$UnsAjо$ ATwְ=\r8~qcr<Q#XRJ~!h$_/q㕬|rNuCp|4تۖ(l=`rpќ참V*ݖэVԧRP6s<G#r= >Q;fw1\" ;\'3 DXxF\"3wєя=\nL͉Nu,(wBt34nvzF7Hsʨx|Hʕa*{/qw@CZCZ{2\0ZzIhPPn+xjTkD@2V湧_SJIR}S݅sxtdʡS2F8T&\'zi~*wTĆXM=cpP|ƐAp.#\rAmd1j\Z:\nZ,.}4xQ^?wFܧspBi3\\C`1u$G47f\'S!n\nF+K$i!06Xӿ>}mlr\nBfR)+k|589=PcGkJZ۩bc5Z]UD<OV	u@ڪ\'\077P.4k~a\n\0wT_eR*iu#yihZÏ4Kb?HdZ:cS$Ա,&7d@MO/N$)3=/\ZU15JpCxU0ꪎ[wMgT\\rIU\0k7	Ҷ}W[ROEg5ZvcCj\'\0<r}pE?\0ky[?iB-Ss>gr;w*P$\"TݟIcJm`ʌ\";OUum\0yliq<yT5[\';	;VҶxm}eO~zgy2X}?UfuOo}Dp\0^BFmimL#E!#{ό8gݞWzgOJLga2uͬc{dުo<\\}Mk]PзwpWW[.,o+4kmEIay.-ONe*s5\08^Z~7MS3sV}`u@h-`n0X֜>ƿ1T=Sz=S\':CH<HÓR5֑UQ:lS8\02dnnwEq1A-kDcEw\0=զe\Zƀ~׉Hਜ]Nz\"uꋸOv	9Uj!1\\vB$Dୄ8\01\0TIRefyYOyI	1]~9^1Һámն,ÞݣוnITy$`uNxL`,B4cUtK diiTv.7}\no>`rfx4j;)cb1d8`\0E-_wtZ{RUhNЪZUBڈZ]GV*	b=ZyByU)d,cj*%aJ\0;#\nק,f:+u,Q-q%RmՕRQ,\rr.(?==$Pw=Si1:Sѣ%Q\"ϋ?)C+h[BwRʑAS|^Yh۰	D֜|/\ZsIO<ǞDM%xCb|зQUAs`kUZ,r;JҢ#ɏ	V(!w?#(?t17Jy\nnaǢ;0U\\]4o\n9*#-$`dep1c/u=Nݸo&su5p|!95M`2S oÍ9׉tQ\\Lg.DZpx^7n{--_d7Id y>X*a,~D؄㕯,Z4mZ\\h=pid\\6\Z#Z`NTsk}\"*C3\\\Z?\\^Ӈ4R_/Zr;bݎ/eOk==C7BVvCǘ*FZy*ɨG3OGݥyůNnw*J<(lgd7ryS5P,tyc<r]Kl<PsNIX$\'}ʒ,a:$#\0`yc\"@tKGOŭ\",gG?[m0Ȣhk@:$iP<x?#\'./ַbc^;aR2QF|M>h?.y!wXZp]Vd\0\ZґMuqI#s.DEVmhdc2Ť$sp*%&ys~V[OG\r\r&N\0Ez_]QHD gTS5CcUR\\j)eis/CNDƇ\0ߗWYoi&o=2FCBcep t}@ji%Fidml**4/kr~Gٰ; \n֚ц>g~emݪm7yv~tIM݀^wC\04cIߣRS4tiT;\Zw->ʡh))sBG$=Li2C%\\`\ZTo(k=rf5֞#sY\nu[RVc7zzy`ut#t^G^F;!ZMVU7O<ݖuO6hcO<Ix\Zj@qD️=y%k,8EfVSGvw//2WZ|>DU]ڭWkNOelɟB*8STrⳟ\ZptTRE;*{EGȍczei\Z6]Fw,4ce=i8M%gSr:WjQэ.gWVm\0;q(\"ܵ\\h壨`sd_\r5K5iA.ǡoSֽ\Z?{WVSY\'y¶(t̩=\0Pp#\0UưS\0djenVҴhU4L5u<	g4K8kWk==ʂZ9G\0n.vEUF3;h쪆&p:J*\"w#3oEQU>	Xǌ8+mG9;r$?D@Xڋ2re Ӵ@Lnj,8^E58\0<Z@\'\nu⣈ҏYU]uhxc[5MMCyqqݒu^g/sxYN>wdi~Jg|WcAYTNNܒQU\ZrI行Ghk5f\"27WK\r{\"1Od@\0)\\KкNBy/\Z~]\')o8+%͚5c]cAJ\"赖mM[S쩫]!u=H{:`Q{r0VIiI%9i]_dbXެ\'`9U)ZGTMV\rMSʧ1d,L4M0~ ĭiHZ/Ժ6\"qL	w19zRr2#GaG9GL?p}[Bx\nN[t18^/]LO/dhapyID/LbhZҒf	7BZ>R_E\0pܬcyǰʣSRp߰+S+};c솹>0h݁V?<S;7hdv2)@@`\'t^5#/A::W5ڮ1cc\0e ;Tk	.0֚A}ݕQ\roTn-=+^ivf#ꪩ- 0OR՛Uɬ6Æ\r^GO	tTKIV^2F8BOB3\0z/<Ha}N&hI\rŢ?qjK\\7kT7w˖GE*&2}l@8&561ИКܜ0t[T~ec-Vߢ=D@Hr]	m\0E\\5k>P-;w(Q\ni!{j*Փ95šGX;[\"<!-RCfY8\'9쪛yUMZ1*)GGAܨ\'%D9\0Dț\0&|-vH:+Tmq#ʨ1q>\\(1\rnpEen ?F_2V:MYwM]\Z2?G2\nպYn0N9{:\'\\bcM-Sj\"9ʹ=|U>LH^wHpl%T7d*-6KEMo\01&46\0#g\0 {\Z:飕ە<&\\\'d~=C􎩧o|c$B^h夦kw~b3\n6D9E9\\xd\"T]\nAD%]\\qԸ)5k?z0unEOuwF0=ދ8\'#p6g}p*dNL\'^\0Ϩ^kcas02zB6<66rT׍KvH:X^1~,*_mqjk$89<eGn$m\Z9ip#]EX/;`pSVvpSeR#WG7H\0KR.\"WCl{%q{@{&5c}ַUֶg7g)k\Z:kKDL}9wfʶߎI]}2VJ. -or{eƐ\'=ۺh)k5U78e\\U^#Qɚ73ժzP_K {$h<vMGRa{\0zU|ϡ7IX8R/5\Z}`\0c@a\n>Zxc{\\0A-[-$).+-ARURFv5\004a7:-0Ij}e\\`(MUT?v$zK4SQ=˓M$%mZ8?fW?[Uƞ<<_\r,îu3z4Οg1FWRQ\0nSX\0d,HGvq{]TIj*QqņjM\ZNQJКdlkFIU7;vúUCBߑԽܒV=QpY૽Hyi09\no:\nY;/,-;8yu.S0\0?Ip\0V59dnQ8Uu?w[={WVhxUs0iݳ=ұZI샖aV0:Jnz8\"NWS=LT李iAhk|6LĎiqOdZ@ BO3ZmVNԶx-R~iCGD0B vXh[Bж=rj[{\0l5;A\nsK5|`T\0?fOւ1~ [m*[Z~V<]+#G1Q03\r\rh\08[NrJ+moDVೞ?\0EWE%m¥˜〵Y-D.8#.?\\%GZm=CTh)ȉZ{G[s<ʂ9s}Y?(xWQt8UQM$tNXuv,ܫErOa\0\0ь+5Ye[Uv%8a`U)ʩSrQٓ}Sz/ߍ%0\00^xExfq^,AC%5TytnO(O\Z}\'e\'xV5gF>*xC\r`h\0xO#cgp_ZNW@.{!YMms%{zW\Za{m} \"ppvuP6TvL8&\0w+RZ.GO\\ieY4ծm-8{sU\n5)mY>w싸{\"Vd/tz[zN%}Ơ5k3ˏZWݼA5[Zs8wZMb˱sZcD\\/ջsAMl0{ xD߱^Tz\'JϘW3OV|{Ky_ɓ2\\= g\\V37+Pk-FgU-+[EKEOD.\0;UYb kZ3Q~;wn㎋\0Dxw+bpΨ8U͒&hZTT<Ortob[8#`\04z**T\0KӢ<C7TA$d\0t56SW\0lxU4S*%4:\ZSkcv GZ3U2&mkT2@7#@g>V\0#Deޫ.~V\"y+w2TW>-[tF\n2sq\Z5Ma.8?$a_qZ ݧ/S{89(3\05\0tM\'=߱	]iJ}Gj21;ݎATW\n|?tv碥Ц$6yˎ3©TQеŭ.;heΤWO~%KNؘ\Zю:\'\'\nmLv:g?UWwNdF:ut:F:IN}|pU-ʺP2{m2>Y/WUk#E38kTt,208cG &\ZEPҢvÏp\0:}W>\n<GD5sPxkkTQ=d\Z{{/	tuJ$r|Gw;t:=v0tNpVJde.z;>gVGY2}B}BE=P>n[ӞSJִl\n#]u3TxzjM%\\v[	T~LΪ}UK],\'*riv7<\\D>0;-oAĬS\\Q%?Oh=WZ4S~o{sbHtG#	7FE7{H0zz\0k=J]lцY|-\ZʻOFNM;:ܯժam-#p^ol=dyɲ:)$xS2ߚG8\0+Fx=xԛ+њJ=ޒ&Zp1Cgjeiʥvv޿a8zk]Y-闼kzz)w൯M`t@Z{!\0/ pUeG V,:GFE#j>fi~;-z췟EE-ȸn(?	(Wm-}\\p0k^MZt\rV?24eUD{\0nn5#Dֶ8kZ0\0W;T26*|T\"O,uǺCZ\05ǷdO9Y+%dWWVT-?iWnX\n:vK\rFȤ;w`/U5L2g;/:Nb:wG(jn1 s;s[iꇀ;-\nn28h\nFcL`^<:o]OϺ>8\'+Qj\'u\0o.oTZgf5u\'kOP&\Z:yBVSSN@0ޫj:4-·?is櫾M`R猔;u,{=A%ь!cVVCG`$赯\'gWGjiAUu;ڮSAh͎7tʃ\0T[m.pxk\0g[9XwMc&<lg@EVuuM8)VUcqV\0ugggg=OϺϺRyNUR٬tp6I{^&KLz-4qWwc	M\r#\"kBNMQI$,9s.UҊ;,.w$fP¢\r<Fnt$2O.\":`z.`z,EǢ}Ut&~5|?ck\0.u?U1\0B!\np<\\qFSzm?MoKGEYNh*>BHlt!xk:BZ:SOUL:@GsvX)FJG+0	\0^`^hBNz^fUK.|kp	݄;w4=N԰g\n=mc~,N푸kG]\00L	ydv}q؅2\"dzVteӨ)-4d6RhVl%bY鼿6\'އ\nğ5\\nm=;9Z\0C\0$o$\\l6_WU\0}Ur\'>7@4uhj?,kϙtMc\\6xycKZ8PUJ5GuW* |209iu7Zk:X?&yVt\rxaWuޙ\0S^)Q\\fnbp=m[OsOI%6l6;R5ƞ#4򱡣\'.j4NVyϢ\0!4:nŶ2<G^ ͮ5m1fs4-#n4Yx/yZ&F>gcUH#s\Z9$vj\'\nu%\'h?1V[F85֌G	ZĘoMf2<{;OhCI`9sORVJY>-ơ}Ec!kc8v;ӓ=*esHk3GĵVwn`⠨vB;0V_\r\nU-VQ#N쎹ZFt2廏ҹ:l|`e\0;u^gݖrթl:!FG/oҺU08 SjTQF\0}^|>Q5J9]P^p~RKU&oclJWUy8c\n<MeIex݀D*lEkKxL+N\rR2\0F9L{FW#EadOfz][sHKD猢}\n*hG1r\nII!>dCp=xO~p\Z{s[K&ΕdGOﴀ6[\0RhHtq*o-Mq^?j}^|G\0}텒;9E\\>OOj`6PB9\\@+4BwJs+ϩ9^DS6bk̎xE;}US0|DcJK褘ٞ7H/i˙ᆅaД\nEY騍MX9k~QC\\ʇG~Xpߥ_[ Z\02_wAXc\0-n}UGYTWĒQ9\Z#PGuoU̯e99 OuO	<yj߹Ðp٭5ϥi²\\hE^HQnZN`73<Q;\n^rM?gM\0u6{T=c[p\Z_\ZLsFCd`ZCUP<7ZFt+9~g_\r(rBOM~d61ZP	V1͐I3>Ap{@0GO]\'=JuKϹUJdsz2!JcׁԲ4q#O~D[#$n$\'rrJ\'=\nUtA6pFUEw9qPNϜ&{*\nJX45í%}¢;8g>[C?Wx[atvq\'*F{-cU=-MѲ8 `v=M<dY]<..9%i{wzzfiqӴ`1}U(6\"	@8O1<ak4oYy?9K#in$8hZ#J~偕u54{&p[M]4܇QSa҃9v[xtmۜ\Zpz}dUT s$-<z)NŻ\0uMxMx=ztxP+ÿ:*%qs$y괾jktWlÖTr9[꧂:Ç8TJjR]եilP05wp8C>1An\0x%MdT5繤pq3Llmp>>8_#CUx|yӾU=ևbaG٨ͤ26\0Oxn!jMollaJx;&s#du\nEdN\Zޤ7*f72׵C<*98TN<tcq,sZ-U#6\nB:AcX<\"Ӟ9牕WI۰I #\r60|:ʐfW/USlqW]iTVG%x?+mNэ657}KKI(z\ni5d.nv3?R\0pϢ.!rVmG|:YI9NwRItK4Ip֎h]dbq_ѩ4`9ASI3wGR,fc[;y\\A|VmJ\\\"b\'<&#//\0g/\0ucrSp)hr{ZykmSY\Z?ed|[\r5kxtoI=JfryA$>[qWOiQG5%PTsO$~T6GtwV!܃q/yqa\r$(Ԣp,OQ!XѕEuջ98Z4ͣQl ODtW:RPR\0NIVə]WWwa?#~J	v}DHfspX{l\Z(3I/ErΎR?	[s]&TykA4;p5i/qW;LT$ߕi>#7\"{F3UU#61.sJkZ8E-\Z\r-Q<s7/Y8_-s11dsCT4cvz w27U0-mD6<VIYTi񱾉D\'9ˍw֎En7G?~D:}n[W-[>[m>/VQ>}5C8+KZ3wQJX	ǦWΏYk<{\0y+Ǘ\0;KOD0:4\'I㼿6~{+VDW]9̉qo-s/כ׺gTΕPxAK1nZhQGhXmDd VWVELȚ^Qad,n\Z\0\nPrJJUܨxEq꒡p=AO *z\Z۝K(c.Cú\r7EEd,.{KOc+T\0Gr}c9<զl4ۼ}J/ŭKQEZs!QѲ|u{JaBf`;pvV^[PV}Mq3	9\nO[˚R诶K%[vJK{zӔwiʪ)þ\ngwotGdҾ(ab۲~:_j}eD˞KCrINqVUxk-e\r)%m$wbUOJ3@Tr\r>>uoQhx\0S$#$yP$6#t?֌t%=<w+	w!pИ0֎APY+!<u[w!j\\2L:B6zF,ޥid.iYO\0;U|Qֿo^\ZoLHzwЗG*^:/yI/?ٽ.Wpz݄ߍEjֱ9EXǪPD1Z^:-M$~20R)]Lw8<.J.N=iz*]	+]\Z\ZfKh_mi*g-q><.4\ZI,t2n-{OGUɨM;\ZH;N	i+RJ/wIg2=REzV\'SOLA0Øprܗ5F\\U-j*,a{6~ũ,4csd1`U|#!#[uEO%\\F2\Z[u<=ţeۨk[ط?ULеAV&d/yk+îW8O% sR{`BqZKFQRֺd;({wEpEp\\dvVixpd\rh>n:c9ΎF#[5mmtghys{/\0y)L6j88JJѳsouk8{%\nREp|wcwbe`^6c\':t\\W%5rF䪍CdLiiʗkw=@@?U7Ѵ};*8Ŝ*~L[\n״1<rp8>k8TułJJi4ܭmdˍ´?/\0TQOb`9;rX-Oq,xUe1Gq>ܧV4Ӱ6Q:3fu$>mCt1߅$/n2kz̋h8	\0#ʯ?xL}*!i\Zd9\0V\0uܙ\"buwe5ˌ\0ָ`H;EkE%)O=qK3J//w*69\0¢Uln{Þ\rI}7!$ew\\Mr[yAr{\"d]^?v\0AZnLaU2<d<rEk%jIGW70yv:*j騧upf<ƞ]luM$*\'$㒼uCfyjlk8n)q	rzT\"B.#Ӿ+\\51.tѶHaߔn 9=^EuQ$~>QZcn+{Niؐ0`4hE9=*\Z:YSN!ʮ=̣97p?E,!ۢ3C3n48eVݦ}%53$O8sʂim=<>[\Z0\0Nx+[{*Y!c|S˽iNioP	k֌@p\0-{4튢GbI㲼\ZdrDaVDg)яE Vht`ǵ}26x\Z0~2Zj7G](*SI;A*ppyN5V=?r3s)wNv+b8IAh=VGYnEúe@+L;u</¢8ḇp싉c~W59 >e.{=Ts5N<Ljsp9MJ^`#ZRm_%L?N몂0Jc>Z|I,lNǮU&T8˴7R\\3L*\\-/|2uzT`;k=ޥRTR3\Z6Э[۞suc\"G%>6=i^#z\nz;žWP&;=2V?h{{_čJ>1OFK\'4;=U҆j9Z$nT?ZgKB<$\"A\0\"fdC1۬0GL)+2OdNd\"#37Рyw(hMu?La4CPD}\ZZS\ZX{˝Tp֒O҇EKx.VU-цn\Z;-oxA{-w{\":-UŶ!Z\\mD(-*Fˍ7!#+	$\',q+ӷʝ;zRHZ$CMv~xM|9f$\\rx\Z:4rࣕ	Zf\n׶g!>[<̨6\n]\n-cЄ꩏IHRLF׻*&3qT:HkF\0Pxqk]rB*ou6^Pk5GJzd4=FA8E5QHcaDܟuɂc\\)TSP- :GR+QOz\'8eU3heZ\\r=P_$?ͣ7SLڈ[+O{\'ɷwZ\r-\\a\0{\\5:hIt~-fNXհ卡Q\'fh7n=Y-dyhW;((P8e_UG^\\s+Mxrj˅9;#S<l(X\0MwˀP+\0eo[\0dd+pYʼ~V8CEN9^\'YYMVۜ\\]ay#%(Ǫ󗜝.WRl?\Z!/?ϢR4}Juʖ1pU\ZLW0{V6I-rlY	l	V\rY[+wsע<GoͬTZ+[P\0q5]S1(n4<Ա\0B)iɓĴ^{ڇI)ih9W>mc;BA\ruz3ؔK%ќ}SHVEbm}klV8p[{n@OT9̍oP29<u/s_/̤&(F\\P=7PeOĹi8%E;k	{scUZrU,d|ᅸ&/	bs!haf*U^ _l gm-,^d<OutVZ2\Zy\r@\r4scJශox[Ǫ=V{ь-GUZ*EA\0wDVm#NVyXaEMrE-9WR~|x\"L\"*^J2qzZCW&GsVIon- {|5t<>;[/4fhj~ &Bl\05\0++{pLђIZ[I+&mWis)zZ-qAg`Sm?RgӼŁ])Z-to ?\'\r39rYÍ%N*m_M>dy#qo\n4W(Ak>JjdRGL#{iT6\"~x\0Owʼt;LARѼwh+z7WuS[Ip?/JUU9#ú\" HߚG־8LT4EtQ&\ZAuV[rq\0ۍGlle|a%S\\lm:9:7$x4hm-ntUzxI0dSD0M+pM r3ڹd&ꌅ;WV*ک7vjI+- Ӷj$pJ\0D\0Y+%49[VOe4gXձR;ҷrc,N\'*X$W3Ixa\0&{o{	FLt+\0{a>xAZ!^Kc\rZc#hVPnEzO[\"t26hn\r_r%܈ǠMOمUڭꨡj־ۭ!GwEy26G2gu<H\Z$P9^w	k9ůPZpd{P-5<&	\Z\0{dm<,dUO)Q4\rs}VOK^\"s;!Z(1-{(ICMcQ&أVU/J@пgK/>\'Znz&0\0AT\"oY+){UĥT.@\'4:&\nQ/F}$l*T*#VnoE=Uoc$SJY+!n&n-\0D\\\n.wn[v~Vt#=W.7eۃϰV9l.\'=UC@Z\'&܅\'ޝ#<IQ?sCS~?M\'\0~d+[ٌc<L\n7*-]WV#`o!J\Z klG3&ж-$Mp;#+WXthѷ_C+h8Ui wL={K֒v\r(;\0\0EKtI\'Ӵ^<vZ=URq,dq󢦞htG=HUM\rda3piZzjۄ́%4DuYM\rSCf!5Q<*;-51 ϢgQ!~Nit,>QFJBTKDd\ZW*YZ{80\'NZpGtחm#,\Z	\rૺc&29	rXhNʵS9W3H8G$e4:wܷ\"do+x[/[ys\0qԲ->qj룤J\Z-}a~pֻZ~by Ulo1(Sd\0]+#С&:|BV 8+\0{\0E0ة;T45kqm>[֗=z~՗i1e\0\0њ\"Lg6sza-ܧT0uWCy!|T}iϺl9[eWKOU&B۶OQK=YSjz6f8fTWKՑc:N7H\'\'׏2/&B?Tn\n`|<ޮbiv.T10<~PD$s}]F2Vm3I˘ꥌɠ;d{=5>E\r^$|nm N	>(NLonN_ՔAkގIQ;uZ~o{}pE{=PZdg1<g*AJEJNXdPe\Z;]4`u)t;k@8{-wA+p[ܲ}VO{\0ttwZ5Dv[|k+JGMfYZJjʺ餉@`	/{]h{GHZ\\-uXpkH\\BlwL#9(JGtP6BW.w^oW\rГ`{!+7ib7X\rEW8\n=Y*,TsJOP+]VD:@\0\nYfG5g$Z\r4̔8aF3ϹUSkpMC$]\ZCiS;̦u@s_uIP֎|C]ΰ_[[ixYiwDòGJFO26p5@p0YYM%+--iJRvA)Ù?SfN\0י]-UVkVz)4<9jkV{tR8T8?,q\0E8gkvP~V\Z2oLy¬ςFŤb4^!^\"\';Shی-bqPͼzTZnN-9!+ByC\'>v$z&B/n+q[V-ɮNxE+8^$]|X<Lp`¯\ZO\r>ެQWE0qܪz(ĭ j4AÎ\0/L[]&d@ex:RS!Wn-0꣐sMQ	:\0%hW$fjYcA8~d	#{s17t煩BȪ3ME쫖z;guO4o:)kpq7w>3K\\cm5(<7tNdҏ\\[%?j>^\0\0+Oqxxcn5@5o,cs:)֙mʊqfk{hEUGp僱R=asђUMG:\'p3ʢ9Dv OEsJ=Ք3P:J\Z{Rܩ<8Zwnu=.3zZO#vT\'Gj?g/Ë59`k>n\0aK1eKA]Sݾp_<Kj]NeUTCBJ^\Z?T0v~%{}wn-Eo[o[}V9i.8\n*h3kZ֓U%-C[}tdmxDmyqJߎ9sĚQ\rd5iѴ(&	LLd9N#L9Mx-+I#ILI\0A\0E-t}-\0c*[۬SS\'VTm-ْIN\Z*5dD2=>ח֘elv_k>>VUHjjиy*Ϧu6ۨ	+Ҷr]I[z,2==+!d\"]NUQE<Oxx-p=ºQhE嵧5w\0X#I,O^ΡQSNycøԔ碪l\'4`EoquAT=Vm)$TmOSVSj(a>d=wx*o18`{XxO앚N<	pRT3>V/ڎۗ=c6g!姌OCRM,;$y-^SHUMRكz=P+~-w{-w{-!`*^|=EQR#۞@TdK\'\n1*Z)#{MvϘPM7luB9_]~y^ISP@U\\2ÌRn#4P\\!Xvֲ\'DT+g{cl2ꧽ]5Nekѷvu|\'Z4յoñ9Z{(0@\0t[}r[BDT]T]	\';Hr>TXim,2ӎA\nG]rM.NFDI+AFHL-sO\\\'FyW+={h]pa \0JSRO-5U|.9.9*ϨvZ-:1s\nfSUL\0|f:IZ摂+βIW<gj=>df+t];]Ӻ6^dmnjpޝJ;Ч;w{w{w귏T^3=x^\"*骩K!k!5.s{\'ԭ7g\0C\r\00BZʆLôO?	.FS6F\'MM&;</\n1Hdo4:zoWPE͖74\"\rOJ`pܕ]sKWU&DܸS=OYy8d\0Ӟ^\r]]r{i>>VM?gSu#\rr1q[}00+yJS.D=\'!j%I6TZQw=l59^2B\0Pqq\0%zJeq.\\3ld؛^iNU6ESW{eP59=GJ*+rj\'{\0d5ީ煸rV-qE+qA[9ybi*I0GTBVJ@$X,8_');
/*!40000 ALTER TABLE `user` ENABLE KEYS */;
UNLOCK TABLES;
/*!40103 SET TIME_ZONE=@OLD_TIME_ZONE */;

/*!40101 SET SQL_MODE=@OLD_SQL_MODE */;
/*!40014 SET FOREIGN_KEY_CHECKS=@OLD_FOREIGN_KEY_CHECKS */;
/*!40014 SET UNIQUE_CHECKS=@OLD_UNIQUE_CHECKS */;
/*!40101 SET CHARACTER_SET_CLIENT=@OLD_CHARACTER_SET_CLIENT */;
/*!40101 SET CHARACTER_SET_RESULTS=@OLD_CHARACTER_SET_RESULTS */;
/*!40101 SET COLLATION_CONNECTION=@OLD_COLLATION_CONNECTION */;
/*!40111 SET SQL_NOTES=@OLD_SQL_NOTES */;

-- Dump completed on 2022-05-06 18:02:31
